Variant,Predicted Effect,Score,Expected Accuracy
M1A,effect,42,71%
M1R,effect,73,85%
M1N,effect,65,80%
M1D,effect,79,85%
M1C,effect,28,63%
M1Q,effect,47,71%
M1E,effect,74,85%
M1G,effect,71,85%
M1H,effect,62,80%
M1I,effect,21,63%
M1L,effect,18,59%
M1K,effect,74,85%
M1M,neutral,-99,97%
M1F,effect,38,66%
M1P,effect,78,85%
M1S,effect,58,75%
M1T,effect,56,75%
M1W,effect,66,80%
M1Y,effect,49,71%
M1V,effect,11,59%
K2A,neutral,-18,57%
K2R,neutral,-57,78%
K2N,neutral,-19,57%
K2D,effect,30,66%
K2C,neutral,-20,57%
K2Q,neutral,-37,66%
K2E,effect,4,53%
K2G,effect,10,59%
K2H,neutral,-37,66%
K2I,neutral,-22,61%
K2L,neutral,-21,61%
K2K,neutral,-99,97%
K2M,neutral,-32,66%
K2F,effect,7,53%
K2P,effect,20,63%
K2S,neutral,-28,61%
K2T,neutral,-25,61%
K2W,effect,20,63%
K2Y,neutral,-4,53%
K2V,neutral,-21,61%
F3A,effect,11,59%
F3R,effect,45,71%
F3N,effect,44,71%
F3D,effect,60,80%
F3C,neutral,0,53%
F3Q,effect,33,66%
F3E,effect,48,71%
F3G,effect,48,71%
F3H,effect,41,71%
F3I,neutral,-20,57%
F3L,neutral,-59,78%
F3K,effect,50,75%
F3M,neutral,-36,66%
F3F,neutral,-99,97%
F3P,effect,57,75%
F3S,effect,36,66%
F3T,effect,27,63%
F3W,effect,33,66%
F3Y,neutral,-17,57%
F3V,neutral,-8,53%
L4A,effect,17,59%
L4R,effect,55,75%
L4N,effect,46,71%
L4D,effect,63,80%
L4C,neutral,-10,53%
L4Q,effect,33,66%
L4E,effect,54,75%
L4G,effect,60,80%
L4H,effect,46,71%
L4I,neutral,-23,61%
L4L,neutral,-99,97%
L4K,effect,58,75%
L4M,neutral,-22,61%
L4F,effect,16,59%
L4P,effect,64,80%
L4S,effect,39,66%
L4T,effect,30,66%
L4W,effect,41,71%
L4Y,effect,29,63%
L4V,neutral,-24,61%
V5A,effect,54,75%
V5R,effect,83,91%
V5N,effect,74,85%
V5D,effect,81,91%
V5C,effect,44,71%
V5Q,effect,79,85%
V5E,effect,77,85%
V5G,effect,79,85%
V5H,effect,81,91%
V5I,neutral,-14,57%
V5L,effect,59,75%
V5K,effect,83,91%
V5M,effect,66,80%
V5F,effect,70,85%
V5P,effect,82,91%
V5S,effect,70,85%
V5T,effect,66,80%
V5W,effect,84,91%
V5Y,effect,77,85%
V5V,neutral,-99,97%
F6A,effect,43,71%
F6R,effect,72,85%
F6N,effect,77,85%
F6D,effect,84,91%
F6C,effect,45,71%
F6Q,effect,74,85%
F6E,effect,72,85%
F6G,effect,70,85%
F6H,effect,70,85%
F6I,effect,18,59%
F6L,effect,31,66%
F6K,effect,74,85%
F6M,effect,35,66%
F6F,neutral,-99,97%
F6P,effect,86,91%
F6S,effect,65,80%
F6T,effect,59,75%
F6W,effect,69,80%
F6Y,effect,49,71%
F6V,neutral,-7,53%
L7A,effect,43,71%
L7R,effect,80,91%
L7N,effect,74,85%
L7D,effect,82,91%
L7C,effect,35,66%
L7Q,effect,67,80%
L7E,effect,76,85%
L7G,effect,79,85%
L7H,effect,72,85%
L7I,effect,13,59%
L7L,neutral,-99,97%
L7K,effect,81,91%
L7M,effect,5,53%
L7F,neutral,-3,53%
L7P,effect,84,91%
L7S,effect,68,80%
L7T,effect,65,80%
L7W,effect,68,80%
L7Y,effect,43,71%
L7V,effect,14,59%
G8A,effect,37,66%
G8R,effect,84,91%
G8N,effect,58,75%
G8D,effect,76,85%
G8C,effect,61,80%
G8Q,effect,73,85%
G8E,effect,80,91%
G8G,neutral,-99,97%
G8H,effect,78,85%
G8I,effect,80,91%
G8L,effect,79,85%
G8K,effect,84,91%
G8M,effect,87,91%
G8F,effect,83,91%
G8P,effect,83,91%
G8S,effect,42,71%
G8T,effect,46,71%
G8W,effect,91,95%
G8Y,effect,84,91%
G8V,effect,75,85%
I9A,effect,32,66%
I9R,effect,67,80%
I9N,effect,69,80%
I9D,effect,77,85%
I9C,effect,1,53%
I9Q,effect,50,75%
I9E,effect,62,80%
I9G,effect,74,85%
I9H,effect,59,75%
I9I,neutral,-99,97%
I9L,neutral,-44,72%
I9K,effect,69,80%
I9M,effect,3,53%
I9F,effect,30,66%
I9P,effect,72,85%
I9S,effect,48,71%
I9T,effect,43,71%
I9W,effect,68,80%
I9Y,effect,48,71%
I9V,neutral,-21,61%
I10A,effect,49,71%
I10R,effect,79,85%
I10N,effect,73,85%
I10D,effect,80,91%
I10C,effect,30,66%
I10Q,effect,66,80%
I10E,effect,74,85%
I10G,effect,78,85%
I10H,effect,73,85%
I10I,neutral,-99,97%
I10L,neutral,-37,66%
I10K,effect,80,91%
I10M,effect,10,59%
I10F,effect,39,66%
I10P,effect,82,91%
I10S,effect,65,80%
I10T,effect,63,80%
I10W,effect,74,85%
I10Y,effect,65,80%
I10V,neutral,-2,53%
T11A,effect,47,71%
T11R,effect,88,91%
T11N,effect,53,75%
T11D,effect,82,91%
T11C,effect,65,80%
T11Q,effect,80,91%
T11E,effect,85,91%
T11G,effect,81,91%
T11H,effect,84,91%
T11I,effect,82,91%
T11L,effect,84,91%
T11K,effect,87,91%
T11M,effect,79,85%
T11F,effect,86,91%
T11P,effect,85,91%
T11S,effect,9,53%
T11T,neutral,-99,97%
T11W,effect,86,91%
T11Y,effect,84,91%
T11V,effect,78,85%
T12A,effect,30,66%
T12R,effect,72,85%
T12N,effect,40,71%
T12D,effect,57,75%
T12C,effect,40,71%
T12Q,effect,57,75%
T12E,effect,65,80%
T12G,effect,51,75%
T12H,effect,66,80%
T12I,effect,63,80%
T12L,effect,63,80%
T12K,effect,69,80%
T12M,effect,60,80%
T12F,effect,69,80%
T12P,effect,69,80%
T12S,neutral,-35,66%
T12T,neutral,-99,97%
T12W,effect,84,91%
T12Y,effect,69,80%
T12V,effect,57,75%
V13A,effect,3,53%
V13R,effect,84,91%
V13N,effect,72,85%
V13D,effect,81,91%
V13C,neutral,-26,61%
V13Q,effect,75,85%
V13E,effect,73,85%
V13G,effect,76,85%
V13H,effect,81,91%
V13I,neutral,-6,53%
V13L,effect,36,66%
V13K,effect,85,91%
V13M,effect,30,66%
V13F,effect,51,75%
V13P,effect,70,85%
V13S,effect,44,71%
V13T,effect,20,63%
V13W,effect,85,91%
V13Y,effect,76,85%
V13V,neutral,-99,97%
A14A,neutral,-99,97%
A14R,effect,56,75%
A14N,effect,39,66%
A14D,effect,60,80%
A14C,effect,5,53%
A14Q,effect,40,71%
A14E,effect,58,75%
A14G,effect,21,63%
A14H,effect,34,66%
A14I,effect,28,63%
A14L,effect,23,63%
A14K,effect,57,75%
A14M,effect,36,66%
A14F,effect,17,59%
A14P,effect,58,75%
A14S,effect,4,53%
A14T,effect,24,63%
A14W,effect,52,75%
A14Y,neutral,-7,53%
A14V,effect,16,59%
A15A,neutral,-99,97%
A15R,effect,85,91%
A15N,effect,77,85%
A15D,effect,85,91%
A15C,neutral,-35,66%
A15Q,effect,79,85%
A15E,effect,85,91%
A15G,effect,49,71%
A15H,effect,85,91%
A15I,effect,61,80%
A15L,effect,67,80%
A15K,effect,85,91%
A15M,effect,75,85%
A15F,effect,83,91%
A15P,effect,74,85%
A15S,effect,31,66%
A15T,effect,50,75%
A15W,effect,86,91%
A15Y,effect,83,91%
A15V,effect,55,75%
F16A,effect,48,71%
F16R,effect,79,85%
F16N,effect,77,85%
F16D,effect,84,91%
F16C,effect,46,71%
F16Q,effect,74,85%
F16E,effect,78,85%
F16G,effect,77,85%
F16H,effect,77,85%
F16I,neutral,-15,57%
F16L,effect,32,66%
F16K,effect,81,91%
F16M,effect,31,66%
F16F,neutral,-99,97%
F16P,effect,85,91%
F16S,effect,74,85%
F16T,effect,60,80%
F16W,effect,75,85%
F16Y,effect,43,71%
F16V,effect,26,63%
H17A,effect,44,71%
H17R,effect,6,53%
H17N,effect,33,66%
H17D,effect,64,80%
H17C,effect,67,80%
H17Q,effect,23,63%
H17E,effect,54,75%
H17G,effect,55,75%
H17H,neutral,-99,97%
H17I,effect,61,80%
H17L,effect,60,80%
H17K,effect,31,66%
H17M,effect,55,75%
H17F,effect,56,75%
H17P,effect,77,85%
H17S,effect,47,71%
H17T,effect,50,75%
H17W,effect,81,91%
H17Y,effect,34,66%
H17V,effect,49,71%
Q18A,neutral,-3,53%
Q18R,effect,6,53%
Q18N,effect,1,53%
Q18D,effect,22,63%
Q18C,effect,32,66%
Q18Q,neutral,-99,97%
Q18E,neutral,-11,57%
Q18G,effect,31,66%
Q18H,effect,19,59%
Q18I,effect,27,63%
Q18L,effect,21,63%
Q18K,neutral,-42,72%
Q18M,effect,8,53%
Q18F,effect,51,75%
Q18P,effect,45,71%
Q18S,neutral,-1,53%
Q18T,neutral,-15,57%
Q18W,effect,63,80%
Q18Y,effect,25,63%
Q18V,effect,12,59%
E19A,effect,57,75%
E19R,effect,84,91%
E19N,effect,74,85%
E19D,effect,71,85%
E19C,effect,60,80%
E19Q,effect,66,80%
E19E,neutral,-99,97%
E19G,effect,80,91%
E19H,effect,72,85%
E19I,effect,75,85%
E19L,effect,79,85%
E19K,effect,80,91%
E19M,effect,72,85%
E19F,effect,78,85%
E19P,effect,88,91%
E19S,effect,74,85%
E19T,effect,74,85%
E19W,effect,83,91%
E19Y,effect,74,85%
E19V,effect,71,85%
C20A,effect,43,71%
C20R,effect,86,91%
C20N,effect,79,85%
C20D,effect,85,91%
C20C,neutral,-99,97%
C20Q,effect,81,91%
C20E,effect,85,91%
C20G,effect,80,91%
C20H,effect,82,91%
C20I,effect,75,85%
C20L,effect,75,85%
C20K,effect,85,91%
C20M,effect,71,85%
C20F,effect,78,85%
C20P,effect,87,91%
C20S,effect,69,80%
C20T,effect,73,85%
C20W,effect,85,91%
C20Y,effect,78,85%
C20V,effect,71,85%
S21A,neutral,-33,66%
S21R,effect,32,66%
S21N,neutral,-9,53%
S21D,effect,41,71%
S21C,effect,2,53%
S21Q,effect,4,53%
S21E,effect,22,63%
S21G,neutral,-1,53%
S21H,effect,20,63%
S21I,effect,20,63%
S21L,effect,28,63%
S21K,effect,22,63%
S21M,effect,25,63%
S21F,effect,39,66%
S21P,effect,36,66%
S21S,neutral,-99,97%
S21T,neutral,-51,78%
S21W,effect,71,85%
S21Y,effect,36,66%
S21V,neutral,-10,53%
L22A,effect,51,75%
L22R,effect,83,91%
L22N,effect,78,85%
L22D,effect,82,91%
L22C,effect,50,75%
L22Q,effect,73,85%
L22E,effect,79,85%
L22G,effect,82,91%
L22H,effect,78,85%
L22I,neutral,-29,61%
L22L,neutral,-99,97%
L22K,effect,84,91%
L22M,effect,23,63%
L22F,effect,44,71%
L22P,effect,86,91%
L22S,effect,73,85%
L22T,effect,71,85%
L22W,effect,77,85%
L22Y,effect,69,80%
L22V,neutral,-10,53%
Q23A,effect,44,71%
Q23R,effect,73,85%
Q23N,effect,64,80%
Q23D,effect,72,85%
Q23C,effect,52,75%
Q23Q,neutral,-99,97%
Q23E,effect,59,75%
Q23G,effect,73,85%
Q23H,effect,69,80%
Q23I,effect,66,80%
Q23L,effect,66,80%
Q23K,effect,73,85%
Q23M,effect,54,75%
Q23F,effect,68,80%
Q23P,effect,82,91%
Q23S,effect,63,80%
Q23T,effect,63,80%
Q23W,effect,75,85%
Q23Y,effect,61,80%
Q23V,effect,54,75%
S24A,neutral,-13,57%
S24R,effect,13,59%
S24N,effect,4,53%
S24D,effect,28,63%
S24C,effect,29,63%
S24Q,neutral,-5,53%
S24E,neutral,-21,61%
S24G,effect,16,59%
S24H,effect,17,59%
S24I,effect,33,66%
S24L,effect,32,66%
S24K,effect,6,53%
S24M,effect,26,63%
S24F,effect,37,66%
S24P,effect,44,71%
S24S,neutral,-99,97%
S24T,neutral,-4,53%
S24W,effect,62,80%
S24Y,effect,35,66%
S24V,effect,25,63%
C25A,effect,47,71%
C25R,effect,87,91%
C25N,effect,83,91%
C25D,effect,88,91%
C25C,neutral,-99,97%
C25Q,effect,85,91%
C25E,effect,88,91%
C25G,effect,83,91%
C25H,effect,85,91%
C25I,effect,75,85%
C25L,effect,77,85%
C25K,effect,88,91%
C25M,effect,73,85%
C25F,effect,79,85%
C25P,effect,89,91%
C25S,effect,73,85%
C25T,effect,75,85%
C25W,effect,85,91%
C25Y,effect,80,91%
C25V,effect,72,85%
T26A,effect,21,63%
T26R,effect,67,80%
T26N,effect,49,71%
T26D,effect,64,80%
T26C,neutral,-7,53%
T26Q,effect,48,71%
T26E,effect,62,80%
T26G,effect,55,75%
T26H,effect,56,75%
T26I,effect,35,66%
T26L,effect,44,71%
T26K,effect,62,80%
T26M,effect,42,71%
T26F,effect,55,75%
T26P,effect,59,75%
T26S,effect,27,63%
T26T,neutral,-99,97%
T26W,effect,68,80%
T26Y,effect,53,75%
T26V,effect,5,53%
Q27A,neutral,-3,53%
Q27R,effect,21,63%
Q27N,effect,16,59%
Q27D,effect,18,59%
Q27C,effect,27,63%
Q27Q,neutral,-99,97%
Q27E,neutral,-34,66%
Q27G,effect,36,66%
Q27H,effect,13,59%
Q27I,effect,18,59%
Q27L,effect,17,59%
Q27K,effect,4,53%
Q27M,effect,3,53%
Q27F,effect,39,66%
Q27P,effect,40,71%
Q27S,neutral,-6,53%
Q27T,effect,13,59%
Q27W,effect,52,75%
Q27Y,effect,33,66%
Q27V,effect,8,53%
H28A,effect,12,59%
H28R,effect,21,63%
H28N,neutral,-47,72%
H28D,effect,26,63%
H28C,effect,28,63%
H28Q,effect,3,53%
H28E,effect,30,66%
H28G,effect,23,63%
H28H,neutral,-99,97%
H28I,effect,34,66%
H28L,effect,18,59%
H28K,effect,29,63%
H28M,effect,32,66%
H28F,effect,32,66%
H28P,effect,51,75%
H28S,effect,15,59%
H28T,effect,15,59%
H28W,effect,48,71%
H28Y,effect,8,53%
H28V,effect,26,63%
Q29A,neutral,-16,57%
Q29R,neutral,-3,53%
Q29N,neutral,0,53%
Q29D,effect,21,63%
Q29C,effect,8,53%
Q29Q,neutral,-99,97%
Q29E,neutral,-19,57%
Q29G,effect,34,66%
Q29H,neutral,-4,53%
Q29I,effect,2,53%
Q29L,neutral,-3,53%
Q29K,neutral,-26,61%
Q29M,neutral,-13,57%
Q29F,effect,14,59%
Q29P,effect,34,66%
Q29S,neutral,-17,57%
Q29T,neutral,-38,66%
Q29W,effect,58,75%
Q29Y,effect,8,53%
Q29V,neutral,-10,53%
P30A,effect,32,66%
P30R,effect,67,80%
P30N,effect,52,75%
P30D,effect,60,80%
P30C,effect,32,66%
P30Q,effect,48,71%
P30E,effect,61,80%
P30G,effect,55,75%
P30H,effect,49,71%
P30I,effect,52,75%
P30L,effect,55,75%
P30K,effect,61,80%
P30M,effect,43,71%
P30F,effect,60,80%
P30P,neutral,-99,97%
P30S,effect,41,71%
P30T,effect,46,71%
P30W,effect,63,80%
P30Y,effect,56,75%
P30V,effect,47,71%
Y31A,effect,75,85%
Y31R,effect,87,91%
Y31N,effect,86,91%
Y31D,effect,87,91%
Y31C,effect,71,85%
Y31Q,effect,83,91%
Y31E,effect,87,91%
Y31G,effect,85,91%
Y31H,effect,75,85%
Y31I,effect,74,85%
Y31L,effect,76,85%
Y31K,effect,88,91%
Y31M,effect,79,85%
Y31F,effect,49,71%
Y31P,effect,91,95%
Y31S,effect,84,91%
Y31T,effect,85,91%
Y31W,effect,75,85%
Y31Y,neutral,-99,97%
Y31V,effect,73,85%
V32A,effect,16,59%
V32R,effect,43,71%
V32N,effect,40,71%
V32D,effect,54,75%
V32C,effect,16,59%
V32Q,neutral,-12,57%
V32E,effect,33,66%
V32G,effect,52,75%
V32H,effect,44,71%
V32I,neutral,-24,61%
V32L,neutral,-1,53%
V32K,effect,39,66%
V32M,effect,8,53%
V32F,effect,29,63%
V32P,effect,51,75%
V32S,effect,30,66%
V32T,effect,15,59%
V32W,effect,62,80%
V32Y,effect,31,66%
V32V,neutral,-99,97%
V33A,effect,62,80%
V33R,effect,83,91%
V33N,effect,76,85%
V33D,effect,81,91%
V33C,effect,51,75%
V33Q,effect,76,85%
V33E,effect,77,85%
V33G,effect,79,85%
V33H,effect,80,91%
V33I,neutral,-45,72%
V33L,effect,7,53%
V33K,effect,83,91%
V33M,effect,32,66%
V33F,effect,49,71%
V33P,effect,81,91%
V33S,effect,72,85%
V33T,effect,68,80%
V33W,effect,79,85%
V33Y,effect,72,85%
V33V,neutral,-99,97%
D34A,effect,23,63%
D34R,effect,77,85%
D34N,effect,38,66%
D34D,neutral,-99,97%
D34C,effect,48,71%
D34Q,effect,26,63%
D34E,neutral,-38,66%
D34G,effect,68,80%
D34H,effect,72,85%
D34I,effect,72,85%
D34L,effect,74,85%
D34K,effect,58,75%
D34M,effect,70,85%
D34F,effect,71,85%
D34P,effect,80,91%
D34S,effect,27,63%
D34T,effect,58,75%
D34W,effect,81,91%
D34Y,effect,76,85%
D34V,effect,68,80%
D35A,effect,33,66%
D35R,effect,85,91%
D35N,effect,12,59%
D35D,neutral,-99,97%
D35C,effect,58,75%
D35Q,effect,45,71%
D35E,effect,19,59%
D35G,effect,48,71%
D35H,effect,82,91%
D35I,effect,80,91%
D35L,effect,82,91%
D35K,effect,70,85%
D35M,effect,79,85%
D35F,effect,79,85%
D35P,effect,87,91%
D35S,effect,30,66%
D35T,effect,40,71%
D35W,effect,87,91%
D35Y,effect,84,91%
D35V,effect,77,85%
P36A,effect,32,66%
P36R,effect,72,85%
P36N,effect,58,75%
P36D,effect,64,80%
P36C,effect,35,66%
P36Q,effect,51,75%
P36E,effect,64,80%
P36G,effect,62,80%
P36H,effect,55,75%
P36I,effect,54,75%
P36L,effect,56,75%
P36K,effect,67,80%
P36M,effect,45,71%
P36F,effect,61,80%
P36P,neutral,-99,97%
P36S,effect,47,71%
P36T,effect,48,71%
P36W,effect,64,80%
P36Y,effect,57,75%
P36V,effect,48,71%
C37A,effect,48,71%
C37R,effect,85,91%
C37N,effect,79,85%
C37D,effect,86,91%
C37C,neutral,-99,97%
C37Q,effect,82,91%
C37E,effect,86,91%
C37G,effect,81,91%
C37H,effect,82,91%
C37I,effect,74,85%
C37L,effect,73,85%
C37K,effect,85,91%
C37M,effect,71,85%
C37F,effect,79,85%
C37P,effect,85,91%
C37S,effect,70,85%
C37T,effect,72,85%
C37W,effect,84,91%
C37Y,effect,80,91%
C37V,effect,69,80%
P38A,effect,47,71%
P38R,effect,84,91%
P38N,effect,73,85%
P38D,effect,75,85%
P38C,effect,50,75%
P38Q,effect,67,80%
P38E,effect,76,85%
P38G,effect,71,85%
P38H,effect,73,85%
P38I,effect,71,85%
P38L,effect,71,85%
P38K,effect,81,91%
P38M,effect,64,80%
P38F,effect,76,85%
P38P,neutral,-99,97%
P38S,effect,60,80%
P38T,effect,65,80%
P38W,effect,80,91%
P38Y,effect,74,85%
P38V,effect,67,80%
I39A,effect,42,71%
I39R,effect,81,91%
I39N,effect,75,85%
I39D,effect,83,91%
I39C,effect,41,71%
I39Q,effect,71,85%
I39E,effect,79,85%
I39G,effect,82,91%
I39H,effect,76,85%
I39I,neutral,-99,97%
I39L,neutral,-36,66%
I39K,effect,65,80%
I39M,neutral,-14,57%
I39F,effect,26,63%
I39P,effect,83,91%
I39S,effect,45,71%
I39T,effect,10,59%
I39W,effect,76,85%
I39Y,effect,65,80%
I39V,neutral,-47,72%
H40A,effect,23,63%
H40R,effect,30,66%
H40N,neutral,-24,61%
H40D,effect,31,66%
H40C,effect,40,71%
H40Q,effect,6,53%
H40E,effect,38,66%
H40G,effect,7,53%
H40H,neutral,-99,97%
H40I,effect,42,71%
H40L,effect,37,66%
H40K,effect,31,66%
H40M,effect,36,66%
H40F,effect,34,66%
H40P,effect,62,80%
H40S,effect,15,59%
H40T,effect,27,63%
H40W,effect,53,75%
H40Y,neutral,0,53%
H40V,effect,31,66%
F41A,effect,59,75%
F41R,effect,74,85%
F41N,effect,75,85%
F41D,effect,81,91%
F41C,effect,56,75%
F41Q,effect,71,85%
F41E,effect,77,85%
F41G,effect,76,85%
F41H,effect,69,80%
F41I,effect,59,75%
F41L,effect,54,75%
F41K,effect,77,85%
F41M,effect,57,75%
F41F,neutral,-99,97%
F41P,effect,82,91%
F41S,effect,72,85%
F41T,effect,68,80%
F41W,effect,53,75%
F41Y,neutral,-20,57%
F41V,effect,60,80%
Y42A,effect,51,75%
Y42R,effect,31,66%
Y42N,effect,62,80%
Y42D,effect,75,85%
Y42C,effect,43,71%
Y42Q,effect,46,71%
Y42E,effect,67,80%
Y42G,effect,68,80%
Y42H,effect,28,63%
Y42I,effect,36,66%
Y42L,effect,35,66%
Y42K,effect,50,75%
Y42M,effect,46,71%
Y42F,neutral,-12,57%
Y42P,effect,78,85%
Y42S,effect,58,75%
Y42T,effect,57,75%
Y42W,effect,29,63%
Y42Y,neutral,-99,97%
Y42V,effect,39,66%
S43A,neutral,-34,66%
S43R,effect,24,63%
S43N,neutral,-11,57%
S43D,effect,36,66%
S43C,neutral,-2,53%
S43Q,neutral,-1,53%
S43E,effect,23,63%
S43G,neutral,-1,53%
S43H,effect,10,59%
S43I,effect,35,66%
S43L,effect,31,66%
S43K,effect,12,59%
S43M,effect,23,63%
S43F,effect,39,66%
S43P,effect,7,53%
S43S,neutral,-99,97%
S43T,neutral,-44,72%
S43W,effect,73,85%
S43Y,effect,38,66%
S43V,effect,20,63%
K44A,effect,35,66%
K44R,effect,35,66%
K44N,effect,46,71%
K44D,effect,27,63%
K44C,effect,55,75%
K44Q,effect,31,66%
K44E,effect,28,63%
K44G,effect,56,75%
K44H,effect,38,66%
K44I,effect,45,71%
K44L,effect,44,71%
K44K,neutral,-99,97%
K44M,effect,52,75%
K44F,effect,66,80%
K44P,effect,67,80%
K44S,effect,40,71%
K44T,effect,45,71%
K44W,effect,73,85%
K44Y,effect,65,80%
K44V,effect,43,71%
W45A,effect,70,85%
W45R,effect,82,91%
W45N,effect,80,91%
W45D,effect,85,91%
W45C,effect,61,80%
W45Q,effect,76,85%
W45E,effect,80,91%
W45G,effect,80,91%
W45H,effect,79,85%
W45I,effect,74,85%
W45L,effect,74,85%
W45K,effect,84,91%
W45M,effect,68,80%
W45F,effect,51,75%
W45P,effect,89,91%
W45S,effect,77,85%
W45T,effect,79,85%
W45W,neutral,-99,97%
W45Y,effect,49,71%
W45V,effect,70,85%
Y46A,effect,55,75%
Y46R,effect,73,85%
Y46N,effect,65,80%
Y46D,effect,77,85%
Y46C,effect,54,75%
Y46Q,effect,69,80%
Y46E,effect,75,85%
Y46G,effect,71,85%
Y46H,effect,56,75%
Y46I,effect,50,75%
Y46L,effect,50,75%
Y46K,effect,76,85%
Y46M,effect,59,75%
Y46F,effect,2,53%
Y46P,effect,82,91%
Y46S,effect,64,80%
Y46T,effect,65,80%
Y46W,effect,60,80%
Y46Y,neutral,-99,97%
Y46V,effect,50,75%
I47A,effect,68,80%
I47R,effect,88,91%
I47N,effect,84,91%
I47D,effect,89,91%
I47C,effect,49,71%
I47Q,effect,81,91%
I47E,effect,87,91%
I47G,effect,87,91%
I47H,effect,84,91%
I47I,neutral,-99,97%
I47L,effect,50,75%
I47K,effect,89,91%
I47M,effect,52,75%
I47F,effect,69,80%
I47P,effect,90,95%
I47S,effect,79,85%
I47T,effect,77,85%
I47W,effect,84,91%
I47Y,effect,78,85%
I47V,effect,40,71%
R48A,effect,59,75%
R48R,neutral,-99,97%
R48N,effect,68,80%
R48D,effect,89,91%
R48C,effect,71,85%
R48Q,effect,57,75%
R48E,effect,74,85%
R48G,effect,83,91%
R48H,effect,73,85%
R48I,effect,76,85%
R48L,effect,75,85%
R48K,effect,17,59%
R48M,effect,72,85%
R48F,effect,81,91%
R48P,effect,89,91%
R48S,effect,75,85%
R48T,effect,68,80%
R48W,effect,85,91%
R48Y,effect,80,91%
R48V,effect,75,85%
V49A,effect,41,71%
V49R,effect,81,91%
V49N,effect,69,80%
V49D,effect,76,85%
V49C,effect,41,71%
V49Q,effect,74,85%
V49E,effect,71,85%
V49G,effect,73,85%
V49H,effect,74,85%
V49I,neutral,-30,61%
V49L,effect,39,66%
V49K,effect,81,91%
V49M,effect,43,71%
V49F,effect,47,71%
V49P,effect,78,85%
V49S,effect,55,75%
V49T,effect,48,71%
V49W,effect,78,85%
V49Y,effect,52,75%
V49V,neutral,-99,97%
G50A,effect,24,63%
G50R,effect,68,80%
G50N,neutral,-2,53%
G50D,effect,57,75%
G50C,effect,53,75%
G50Q,effect,42,71%
G50E,effect,61,80%
G50G,neutral,-99,97%
G50H,effect,57,75%
G50I,effect,76,85%
G50L,effect,77,85%
G50K,effect,67,80%
G50M,effect,74,85%
G50F,effect,76,85%
G50P,effect,66,80%
G50S,effect,23,63%
G50T,effect,47,71%
G50W,effect,84,91%
G50Y,effect,81,91%
G50V,effect,72,85%
A51A,neutral,-99,97%
A51R,effect,57,75%
A51N,effect,40,71%
A51D,effect,62,80%
A51C,effect,40,71%
A51Q,effect,46,71%
A51E,effect,60,80%
A51G,effect,38,66%
A51H,effect,70,85%
A51I,effect,43,71%
A51L,effect,43,71%
A51K,effect,54,75%
A51M,effect,62,80%
A51F,effect,69,80%
A51P,effect,59,75%
A51S,neutral,-41,72%
A51T,neutral,-6,53%
A51W,effect,75,85%
A51Y,effect,70,85%
A51V,effect,34,66%
R52A,effect,85,91%
R52R,neutral,-99,97%
R52N,effect,92,95%
R52D,effect,97,95%
R52C,effect,85,91%
R52Q,effect,85,91%
R52E,effect,93,95%
R52G,effect,94,95%
R52H,effect,85,91%
R52I,effect,87,91%
R52L,effect,88,91%
R52K,effect,78,85%
R52M,effect,85,91%
R52F,effect,92,95%
R52P,effect,95,95%
R52S,effect,91,95%
R52T,effect,91,95%
R52W,effect,94,95%
R52Y,effect,91,95%
R52V,effect,89,91%
K53A,effect,29,63%
K53R,neutral,-6,53%
K53N,effect,22,63%
K53D,effect,68,80%
K53C,effect,61,80%
K53Q,effect,23,63%
K53E,effect,52,75%
K53G,effect,48,71%
K53H,effect,24,63%
K53I,effect,59,75%
K53L,effect,33,66%
K53K,neutral,-99,97%
K53M,effect,49,71%
K53F,effect,71,85%
K53P,effect,65,80%
K53S,effect,35,66%
K53T,effect,42,71%
K53W,effect,77,85%
K53Y,effect,68,80%
K53V,effect,38,66%
S54A,neutral,-24,61%
S54R,effect,39,66%
S54N,neutral,-28,61%
S54D,effect,48,71%
S54C,effect,5,53%
S54Q,effect,16,59%
S54E,effect,40,71%
S54G,effect,30,66%
S54H,effect,23,63%
S54I,effect,38,66%
S54L,effect,38,66%
S54K,effect,32,66%
S54M,effect,26,63%
S54F,effect,38,66%
S54P,effect,53,75%
S54S,neutral,-99,97%
S54T,neutral,-53,78%
S54W,effect,49,71%
S54Y,effect,36,66%
S54V,effect,29,63%
A55A,neutral,-99,97%
A55R,effect,66,80%
A55N,effect,58,75%
A55D,effect,74,85%
A55C,effect,23,63%
A55Q,effect,58,75%
A55E,effect,71,85%
A55G,effect,46,71%
A55H,effect,65,80%
A55I,effect,45,71%
A55L,effect,58,75%
A55K,effect,67,80%
A55M,effect,47,71%
A55F,effect,65,80%
A55P,effect,67,80%
A55S,effect,31,66%
A55T,effect,37,66%
A55W,effect,74,85%
A55Y,effect,66,80%
A55V,effect,36,66%
P56A,effect,12,59%
P56R,neutral,-10,53%
P56N,effect,11,59%
P56D,effect,40,71%
P56C,effect,33,66%
P56Q,effect,8,53%
P56E,effect,35,66%
P56G,effect,37,66%
P56H,effect,24,63%
P56I,effect,35,66%
P56L,effect,31,66%
P56K,effect,1,53%
P56M,effect,25,63%
P56F,effect,42,71%
P56P,neutral,-99,97%
P56S,effect,12,59%
P56T,effect,17,59%
P56W,effect,58,75%
P56Y,effect,35,66%
P56V,effect,30,66%
L57A,effect,51,75%
L57R,effect,76,85%
L57N,effect,73,85%
L57D,effect,80,91%
L57C,effect,36,66%
L57Q,effect,65,80%
L57E,effect,75,85%
L57G,effect,78,85%
L57H,effect,72,85%
L57I,effect,24,63%
L57L,neutral,-99,97%
L57K,effect,78,85%
L57M,effect,26,63%
L57F,effect,50,75%
L57P,effect,81,91%
L57S,effect,66,80%
L57T,effect,58,75%
L57W,effect,68,80%
L57Y,effect,61,80%
L57V,effect,26,63%
I58A,effect,28,63%
I58R,effect,73,85%
I58N,effect,66,80%
I58D,effect,74,85%
I58C,effect,8,53%
I58Q,effect,58,75%
I58E,effect,67,80%
I58G,effect,71,85%
I58H,effect,65,80%
I58I,neutral,-99,97%
I58L,neutral,-5,53%
I58K,effect,74,85%
I58M,effect,7,53%
I58F,effect,31,66%
I58P,effect,76,85%
I58S,effect,44,71%
I58T,effect,35,66%
I58W,effect,66,80%
I58Y,effect,56,75%
I58V,neutral,-47,72%
E59A,neutral,0,53%
E59R,effect,39,66%
E59N,effect,26,63%
E59D,effect,16,59%
E59C,effect,32,66%
E59Q,neutral,-25,61%
E59E,neutral,-99,97%
E59G,effect,42,71%
E59H,effect,33,66%
E59I,effect,37,66%
E59L,effect,37,66%
E59K,effect,28,63%
E59M,effect,24,63%
E59F,effect,55,75%
E59P,effect,55,75%
E59S,effect,21,63%
E59T,effect,24,63%
E59W,effect,62,80%
E59Y,effect,50,75%
E59V,effect,27,63%
L60A,effect,60,80%
L60R,effect,81,91%
L60N,effect,76,85%
L60D,effect,84,91%
L60C,effect,40,71%
L60Q,effect,70,85%
L60E,effect,80,91%
L60G,effect,80,91%
L60H,effect,76,85%
L60I,effect,26,63%
L60L,neutral,-99,97%
L60K,effect,83,91%
L60M,effect,22,63%
L60F,effect,54,75%
L60P,effect,84,91%
L60S,effect,72,85%
L60T,effect,66,80%
L60W,effect,73,85%
L60Y,effect,65,80%
L60V,effect,25,63%
C61A,effect,45,71%
C61R,effect,81,91%
C61N,effect,76,85%
C61D,effect,83,91%
C61C,neutral,-99,97%
C61Q,effect,77,85%
C61E,effect,82,91%
C61G,effect,78,85%
C61H,effect,77,85%
C61I,effect,71,85%
C61L,effect,74,85%
C61K,effect,80,91%
C61M,effect,70,85%
C61F,effect,75,85%
C61P,effect,84,91%
C61S,effect,64,80%
C61T,effect,67,80%
C61W,effect,82,91%
C61Y,effect,77,85%
C61V,effect,67,80%
V62A,effect,10,59%
V62R,effect,45,71%
V62N,effect,39,66%
V62D,effect,41,71%
V62C,effect,22,63%
V62Q,effect,12,59%
V62E,neutral,-11,57%
V62G,effect,52,75%
V62H,effect,45,71%
V62I,neutral,-20,57%
V62L,effect,8,53%
V62K,effect,33,66%
V62M,effect,15,59%
V62F,effect,32,66%
V62P,effect,52,75%
V62S,effect,26,63%
V62T,effect,15,59%
V62W,effect,68,80%
V62Y,effect,33,66%
V62V,neutral,-99,97%
D63A,effect,38,66%
D63R,effect,74,85%
D63N,effect,37,66%
D63D,neutral,-99,97%
D63C,effect,52,75%
D63Q,effect,57,75%
D63E,effect,41,71%
D63G,effect,21,63%
D63H,effect,69,80%
D63I,effect,73,85%
D63L,effect,74,85%
D63K,effect,71,85%
D63M,effect,69,80%
D63F,effect,70,85%
D63P,effect,76,85%
D63S,effect,35,66%
D63T,effect,53,75%
D63W,effect,86,91%
D63Y,effect,74,85%
D63V,effect,68,80%
E64A,effect,25,63%
E64R,effect,61,80%
E64N,effect,46,71%
E64D,effect,1,53%
E64C,effect,48,71%
E64Q,effect,27,63%
E64E,neutral,-99,97%
E64G,effect,57,75%
E64H,effect,61,80%
E64I,effect,65,80%
E64L,effect,49,71%
E64K,effect,54,75%
E64M,effect,56,75%
E64F,effect,66,80%
E64P,effect,66,80%
E64S,effect,44,71%
E64T,effect,43,71%
E64W,effect,76,85%
E64Y,effect,63,80%
E64V,effect,59,75%
A65A,neutral,-99,97%
A65R,effect,31,66%
A65N,effect,22,63%
A65D,effect,46,71%
A65C,effect,7,53%
A65Q,effect,17,59%
A65E,effect,41,71%
A65G,effect,12,59%
A65H,effect,2,53%
A65I,neutral,-4,53%
A65L,neutral,-6,53%
A65K,effect,28,63%
A65M,effect,4,53%
A65F,neutral,-22,61%
A65P,effect,37,66%
A65S,neutral,-3,53%
A65T,effect,7,53%
A65W,effect,17,59%
A65Y,neutral,-40,66%
A65V,neutral,-18,57%
G66A,effect,62,80%
G66R,effect,86,91%
G66N,effect,82,91%
G66D,effect,87,91%
G66C,effect,69,80%
G66Q,effect,78,85%
G66E,effect,86,91%
G66G,neutral,-99,97%
G66H,effect,83,91%
G66I,effect,80,91%
G66L,effect,81,91%
G66K,effect,87,91%
G66M,effect,80,91%
G66F,effect,82,91%
G66P,effect,86,91%
G66S,effect,72,85%
G66T,effect,80,91%
G66W,effect,85,91%
G66Y,effect,83,91%
G66V,effect,77,85%
S67A,effect,1,53%
S67R,effect,16,59%
S67N,effect,11,59%
S67D,effect,45,71%
S67C,effect,32,66%
S67Q,effect,3,53%
S67E,effect,28,63%
S67G,effect,23,63%
S67H,effect,20,63%
S67I,effect,34,66%
S67L,effect,27,63%
S67K,neutral,-32,66%
S67M,effect,36,66%
S67F,effect,48,71%
S67P,effect,37,66%
S67S,neutral,-99,97%
S67T,effect,2,53%
S67W,effect,59,75%
S67Y,effect,39,66%
S67V,effect,24,63%
K68A,effect,21,63%
K68R,neutral,-44,72%
K68N,effect,32,66%
K68D,effect,59,75%
K68C,effect,45,71%
K68Q,effect,13,59%
K68E,effect,41,71%
K68G,effect,43,71%
K68H,effect,19,59%
K68I,effect,25,63%
K68L,effect,22,63%
K68K,neutral,-99,97%
K68M,effect,17,59%
K68F,effect,43,71%
K68P,effect,55,75%
K68S,effect,28,63%
K68T,effect,30,66%
K68W,effect,65,80%
K68Y,effect,39,66%
K68V,effect,24,63%
S69A,neutral,-6,53%
S69R,effect,26,63%
S69N,effect,11,59%
S69D,effect,45,71%
S69C,effect,7,53%
S69Q,effect,12,59%
S69E,effect,31,66%
S69G,effect,21,63%
S69H,effect,21,63%
S69I,neutral,-27,61%
S69L,neutral,-8,53%
S69K,effect,19,59%
S69M,effect,13,59%
S69F,effect,26,63%
S69P,effect,41,71%
S69S,neutral,-99,97%
S69T,neutral,-7,53%
S69W,effect,48,71%
S69Y,effect,31,66%
S69V,neutral,-20,57%
P70A,effect,5,53%
P70R,effect,67,80%
P70N,effect,29,63%
P70D,effect,40,71%
P70C,effect,28,63%
P70Q,effect,22,63%
P70E,effect,44,71%
P70G,effect,33,66%
P70H,effect,52,75%
P70I,effect,43,71%
P70L,effect,49,71%
P70K,effect,42,71%
P70M,effect,39,66%
P70F,effect,56,75%
P70P,neutral,-99,97%
P70S,neutral,-7,53%
P70T,effect,15,59%
P70W,effect,60,80%
P70Y,effect,55,75%
P70V,effect,14,59%
I71A,effect,33,66%
I71R,effect,73,85%
I71N,effect,68,80%
I71D,effect,77,85%
I71C,effect,22,63%
I71Q,effect,62,80%
I71E,effect,73,85%
I71G,effect,74,85%
I71H,effect,66,80%
I71I,neutral,-99,97%
I71L,neutral,-59,78%
I71K,effect,76,85%
I71M,neutral,-31,66%
I71F,neutral,-18,57%
I71P,effect,77,85%
I71S,effect,60,80%
I71T,effect,28,63%
I71W,effect,61,80%
I71Y,effect,16,59%
I71V,neutral,-50,72%
Q72A,neutral,-10,53%
Q72R,effect,7,53%
Q72N,effect,1,53%
Q72D,effect,22,63%
Q72C,effect,10,59%
Q72Q,neutral,-99,97%
Q72E,effect,3,53%
Q72G,effect,25,63%
Q72H,neutral,-68,82%
Q72I,effect,5,53%
Q72L,effect,4,53%
Q72K,effect,5,53%
Q72M,neutral,-6,53%
Q72F,effect,4,53%
Q72P,effect,21,63%
Q72S,neutral,-1,53%
Q72T,effect,2,53%
Q72W,effect,33,66%
Q72Y,neutral,-9,53%
Q72V,neutral,-4,53%
Y73A,effect,70,85%
Y73R,effect,87,91%
Y73N,effect,83,91%
Y73D,effect,87,91%
Y73C,effect,63,80%
Y73Q,effect,80,91%
Y73E,effect,85,91%
Y73G,effect,84,91%
Y73H,effect,72,85%
Y73I,effect,70,85%
Y73L,effect,69,80%
Y73K,effect,87,91%
Y73M,effect,74,85%
Y73F,effect,40,71%
Y73P,effect,90,95%
Y73S,effect,81,91%
Y73T,effect,82,91%
Y73W,effect,71,85%
Y73Y,neutral,-99,97%
Y73V,effect,69,80%
I74A,effect,40,71%
I74R,effect,66,80%
I74N,effect,62,80%
I74D,effect,67,80%
I74C,effect,45,71%
I74Q,effect,46,71%
I74E,effect,17,59%
I74G,effect,74,85%
I74H,effect,62,80%
I74I,neutral,-99,97%
I74L,effect,19,59%
I74K,effect,58,75%
I74M,effect,40,71%
I74F,effect,52,75%
I74P,effect,77,85%
I74S,effect,54,75%
I74T,effect,51,75%
I74W,effect,72,85%
I74Y,effect,55,75%
I74V,effect,11,59%
D75A,effect,24,63%
D75R,effect,54,75%
D75N,effect,45,71%
D75D,neutral,-99,97%
D75C,effect,39,66%
D75Q,effect,39,66%
D75E,effect,24,63%
D75G,effect,53,75%
D75H,effect,61,80%
D75I,effect,53,75%
D75L,effect,50,75%
D75K,effect,50,75%
D75M,effect,27,63%
D75F,effect,57,75%
D75P,effect,67,80%
D75S,effect,28,63%
D75T,effect,35,66%
D75W,effect,71,85%
D75Y,effect,63,80%
D75V,effect,48,71%
I76A,effect,42,71%
I76R,effect,66,80%
I76N,effect,62,80%
I76D,effect,70,85%
I76C,effect,28,63%
I76Q,effect,55,75%
I76E,effect,64,80%
I76G,effect,66,80%
I76H,effect,55,75%
I76I,neutral,-99,97%
I76L,neutral,-6,53%
I76K,effect,71,85%
I76M,effect,25,63%
I76F,neutral,-22,61%
I76P,effect,73,85%
I76S,effect,54,75%
I76T,effect,53,75%
I76W,effect,45,71%
I76Y,effect,7,53%
I76V,effect,7,53%
G77A,effect,33,66%
G77R,effect,74,85%
G77N,effect,43,71%
G77D,effect,68,80%
G77C,effect,50,75%
G77Q,effect,57,75%
G77E,effect,70,85%
G77G,neutral,-99,97%
G77H,effect,41,71%
G77I,effect,74,85%
G77L,effect,74,85%
G77K,effect,75,85%
G77M,effect,72,85%
G77F,effect,74,85%
G77P,effect,78,85%
G77S,effect,32,66%
G77T,effect,58,75%
G77W,effect,81,91%
G77Y,effect,67,80%
G77V,effect,67,80%
N78A,effect,15,59%
N78R,effect,43,71%
N78N,neutral,-99,97%
N78D,effect,28,63%
N78C,effect,39,66%
N78Q,effect,9,53%
N78E,effect,39,66%
N78G,effect,19,59%
N78H,effect,17,59%
N78I,effect,43,71%
N78L,effect,45,71%
N78K,effect,38,66%
N78M,effect,58,75%
N78F,effect,66,80%
N78P,effect,47,71%
N78S,neutral,-8,53%
N78T,neutral,-35,66%
N78W,effect,76,85%
N78Y,effect,42,71%
N78V,effect,35,66%
Y79A,effect,75,85%
Y79R,effect,89,91%
Y79N,effect,87,91%
Y79D,effect,94,95%
Y79C,effect,78,85%
Y79Q,effect,83,91%
Y79E,effect,87,91%
Y79G,effect,87,91%
Y79H,effect,76,85%
Y79I,effect,67,80%
Y79L,effect,67,80%
Y79K,effect,90,95%
Y79M,effect,64,80%
Y79F,effect,31,66%
Y79P,effect,96,95%
Y79S,effect,85,91%
Y79T,effect,85,91%
Y79W,effect,69,80%
Y79Y,neutral,-99,97%
Y79V,effect,68,80%
T80A,effect,43,71%
T80R,effect,81,91%
T80N,effect,57,75%
T80D,effect,76,85%
T80C,effect,65,80%
T80Q,effect,68,80%
T80E,effect,77,85%
T80G,effect,84,91%
T80H,effect,86,91%
T80I,effect,58,75%
T80L,effect,65,80%
T80K,effect,80,91%
T80M,effect,63,80%
T80F,effect,85,91%
T80P,effect,76,85%
T80S,effect,36,66%
T80T,neutral,-99,97%
T80W,effect,87,91%
T80Y,effect,84,91%
T80V,effect,25,63%
V81A,effect,27,63%
V81R,effect,68,80%
V81N,effect,55,75%
V81D,effect,67,80%
V81C,effect,23,63%
V81Q,effect,48,71%
V81E,effect,56,75%
V81G,effect,63,80%
V81H,effect,63,80%
V81I,neutral,-36,66%
V81L,effect,19,59%
V81K,effect,66,80%
V81M,effect,32,66%
V81F,effect,48,71%
V81P,effect,66,80%
V81S,effect,48,71%
V81T,effect,37,66%
V81W,effect,76,85%
V81Y,effect,54,75%
V81V,neutral,-99,97%
S82A,neutral,-40,66%
S82R,effect,34,66%
S82N,neutral,-11,57%
S82D,effect,38,66%
S82C,effect,26,63%
S82Q,neutral,-1,53%
S82E,effect,25,63%
S82G,neutral,0,53%
S82H,effect,48,71%
S82I,effect,55,75%
S82L,effect,57,75%
S82K,effect,24,63%
S82M,effect,47,71%
S82F,effect,58,75%
S82P,effect,42,71%
S82S,neutral,-99,97%
S82T,neutral,-27,61%
S82W,effect,72,85%
S82Y,effect,59,75%
S82V,effect,23,63%
C83A,effect,52,75%
C83R,effect,91,95%
C83N,effect,85,91%
C83D,effect,89,91%
C83C,neutral,-99,97%
C83Q,effect,87,91%
C83E,effect,88,91%
C83G,effect,85,91%
C83H,effect,87,91%
C83I,effect,83,91%
C83L,effect,85,91%
C83K,effect,90,95%
C83M,effect,82,91%
C83F,effect,87,91%
C83P,effect,91,95%
C83S,effect,70,85%
C83T,effect,75,85%
C83W,effect,90,95%
C83Y,effect,87,91%
C83V,effect,80,91%
L84A,effect,15,59%
L84R,effect,46,71%
L84N,effect,40,71%
L84D,effect,49,71%
L84C,effect,23,63%
L84Q,effect,15,59%
L84E,neutral,-8,53%
L84G,effect,58,75%
L84H,effect,48,71%
L84I,neutral,-2,53%
L84L,neutral,-99,97%
L84K,effect,31,66%
L84M,effect,6,53%
L84F,effect,29,63%
L84P,effect,63,80%
L84S,effect,20,63%
L84T,effect,16,59%
L84W,effect,67,80%
L84Y,effect,34,66%
L84V,neutral,-8,53%
P85A,effect,46,71%
P85R,effect,81,91%
P85N,effect,68,80%
P85D,effect,73,85%
P85C,effect,49,71%
P85Q,effect,65,80%
P85E,effect,74,85%
P85G,effect,67,80%
P85H,effect,69,80%
P85I,effect,71,85%
P85L,effect,71,85%
P85K,effect,78,85%
P85M,effect,63,80%
P85F,effect,76,85%
P85P,neutral,-99,97%
P85S,effect,55,75%
P85T,effect,61,80%
P85W,effect,78,85%
P85Y,effect,72,85%
P85V,effect,66,80%
F86A,effect,46,71%
F86R,effect,75,85%
F86N,effect,74,85%
F86D,effect,82,91%
F86C,effect,49,71%
F86Q,effect,69,80%
F86E,effect,76,85%
F86G,effect,76,85%
F86H,effect,73,85%
F86I,effect,10,59%
F86L,neutral,-16,57%
F86K,effect,78,85%
F86M,effect,24,63%
F86F,neutral,-99,97%
F86P,effect,83,91%
F86S,effect,69,80%
F86T,effect,54,75%
F86W,effect,68,80%
F86Y,effect,35,66%
F86V,effect,24,63%
T87A,neutral,-1,53%
T87R,effect,42,71%
T87N,effect,13,59%
T87D,effect,26,63%
T87C,effect,18,59%
T87Q,effect,4,53%
T87E,neutral,-25,61%
T87G,effect,38,66%
T87H,effect,33,66%
T87I,effect,32,66%
T87L,effect,37,66%
T87K,effect,20,63%
T87M,effect,29,63%
T87F,effect,44,71%
T87P,effect,42,71%
T87S,neutral,-11,57%
T87T,neutral,-99,97%
T87W,effect,64,80%
T87Y,effect,41,71%
T87V,effect,20,63%
I88A,effect,63,80%
I88R,effect,85,91%
I88N,effect,80,91%
I88D,effect,85,91%
I88C,effect,42,71%
I88Q,effect,75,85%
I88E,effect,82,91%
I88G,effect,83,91%
I88H,effect,80,91%
I88I,neutral,-99,97%
I88L,effect,40,71%
I88K,effect,86,91%
I88M,effect,47,71%
I88F,effect,65,80%
I88P,effect,86,91%
I88S,effect,75,85%
I88T,effect,71,85%
I88W,effect,82,91%
I88Y,effect,74,85%
I88V,effect,25,63%
N89A,effect,43,71%
N89R,effect,70,85%
N89N,neutral,-99,97%
N89D,effect,62,80%
N89C,effect,46,71%
N89Q,effect,45,71%
N89E,effect,65,80%
N89G,effect,52,75%
N89H,effect,52,75%
N89I,effect,67,80%
N89L,effect,67,80%
N89K,effect,64,80%
N89M,effect,58,75%
N89F,effect,68,80%
N89P,effect,73,85%
N89S,effect,39,66%
N89T,effect,44,71%
N89W,effect,78,85%
N89Y,effect,66,80%
N89V,effect,64,80%
C90A,effect,57,75%
C90R,effect,91,95%
C90N,effect,86,91%
C90D,effect,90,95%
C90C,neutral,-99,97%
C90Q,effect,87,91%
C90E,effect,90,95%
C90G,effect,86,91%
C90H,effect,90,95%
C90I,effect,85,91%
C90L,effect,84,91%
C90K,effect,91,95%
C90M,effect,81,91%
C90F,effect,88,91%
C90P,effect,91,95%
C90S,effect,77,85%
C90T,effect,79,85%
C90W,effect,91,95%
C90Y,effect,87,91%
C90V,effect,82,91%
Q91A,effect,19,59%
Q91R,effect,50,75%
Q91N,effect,46,71%
Q91D,effect,57,75%
Q91C,effect,21,63%
Q91Q,neutral,-99,97%
Q91E,effect,31,66%
Q91G,effect,61,80%
Q91H,effect,43,71%
Q91I,effect,39,66%
Q91L,effect,37,66%
Q91K,effect,44,71%
Q91M,effect,14,59%
Q91F,effect,41,71%
Q91P,effect,65,80%
Q91S,effect,40,71%
Q91T,effect,41,71%
Q91W,effect,52,75%
Q91Y,effect,32,66%
Q91V,effect,25,63%
E92A,neutral,-31,66%
E92R,effect,40,71%
E92N,effect,22,63%
E92D,neutral,-13,57%
E92C,effect,24,63%
E92Q,neutral,-3,53%
E92E,neutral,-99,97%
E92G,effect,31,66%
E92H,effect,20,63%
E92I,effect,23,63%
E92L,effect,20,63%
E92K,effect,26,63%
E92M,effect,41,71%
E92F,effect,53,75%
E92P,effect,50,75%
E92S,effect,11,59%
E92T,effect,14,59%
E92W,effect,68,80%
E92Y,effect,53,75%
E92V,effect,9,53%
P93A,effect,52,75%
P93R,effect,83,91%
P93N,effect,74,85%
P93D,effect,78,85%
P93C,effect,52,75%
P93Q,effect,69,80%
P93E,effect,76,85%
P93G,effect,74,85%
P93H,effect,69,80%
P93I,effect,72,85%
P93L,effect,72,85%
P93K,effect,78,85%
P93M,effect,65,80%
P93F,effect,75,85%
P93P,neutral,-99,97%
P93S,effect,62,80%
P93T,effect,66,80%
P93W,effect,79,85%
P93Y,effect,74,85%
P93V,effect,68,80%
K94A,effect,3,53%
K94R,neutral,-16,57%
K94N,effect,29,63%
K94D,effect,51,75%
K94C,effect,32,66%
K94Q,effect,8,53%
K94E,effect,23,63%
K94G,effect,42,71%
K94H,effect,18,59%
K94I,effect,8,53%
K94L,effect,9,53%
K94K,neutral,-99,97%
K94M,effect,9,53%
K94F,effect,38,66%
K94P,effect,12,59%
K94S,effect,13,59%
K94T,effect,14,59%
K94W,effect,62,80%
K94Y,effect,32,66%
K94V,neutral,-1,53%
L95A,effect,21,63%
L95R,effect,52,75%
L95N,effect,44,71%
L95D,effect,59,75%
L95C,effect,13,59%
L95Q,effect,33,66%
L95E,effect,49,71%
L95G,effect,47,71%
L95H,effect,43,71%
L95I,neutral,-49,72%
L95L,neutral,-99,97%
L95K,effect,51,75%
L95M,neutral,-18,57%
L95F,effect,9,53%
L95P,effect,56,75%
L95S,effect,33,66%
L95T,effect,25,63%
L95W,effect,43,71%
L95Y,effect,20,63%
L95V,neutral,-52,78%
G96A,effect,47,71%
G96R,effect,84,91%
G96N,effect,73,85%
G96D,effect,82,91%
G96C,effect,53,75%
G96Q,effect,72,85%
G96E,effect,82,91%
G96G,neutral,-99,97%
G96H,effect,80,91%
G96I,effect,74,85%
G96L,effect,76,85%
G96K,effect,85,91%
G96M,effect,73,85%
G96F,effect,76,85%
G96P,effect,83,91%
G96S,effect,58,75%
G96T,effect,72,85%
G96W,effect,82,91%
G96Y,effect,79,85%
G96V,effect,70,85%
S97A,neutral,-59,78%
S97R,effect,14,59%
S97N,neutral,-35,66%
S97D,effect,17,59%
S97C,effect,9,53%
S97Q,neutral,-19,57%
S97E,effect,11,59%
S97G,neutral,-30,61%
S97H,effect,35,66%
S97I,effect,48,71%
S97L,effect,48,71%
S97K,effect,8,53%
S97M,effect,35,66%
S97F,effect,50,75%
S97P,effect,16,59%
S97S,neutral,-99,97%
S97T,neutral,-51,78%
S97W,effect,66,80%
S97Y,effect,51,75%
S97V,effect,3,53%
L98A,effect,51,75%
L98R,effect,78,85%
L98N,effect,76,85%
L98D,effect,84,91%
L98C,effect,29,63%
L98Q,effect,66,80%
L98E,effect,78,85%
L98G,effect,81,91%
L98H,effect,75,85%
L98I,effect,18,59%
L98L,neutral,-99,97%
L98K,effect,80,91%
L98M,effect,16,59%
L98F,effect,53,75%
L98P,effect,85,91%
L98S,effect,69,80%
L98T,effect,64,80%
L98W,effect,75,85%
L98Y,effect,68,80%
L98V,effect,18,59%
V99A,effect,52,75%
V99R,effect,86,91%
V99N,effect,76,85%
V99D,effect,81,91%
V99C,effect,43,71%
V99Q,effect,79,85%
V99E,effect,76,85%
V99G,effect,81,91%
V99H,effect,83,91%
V99I,neutral,-23,61%
V99L,effect,49,71%
V99K,effect,86,91%
V99M,effect,68,80%
V99F,effect,73,85%
V99P,effect,85,91%
V99S,effect,72,85%
V99T,effect,66,80%
V99W,effect,85,91%
V99Y,effect,79,85%
V99V,neutral,-99,97%
V100A,neutral,-26,61%
V100R,effect,81,91%
V100N,effect,70,85%
V100D,effect,79,85%
V100C,neutral,-12,57%
V100Q,effect,70,85%
V100E,effect,52,75%
V100G,effect,48,71%
V100H,effect,77,85%
V100I,neutral,-35,66%
V100L,effect,5,53%
V100K,effect,61,80%
V100M,effect,8,53%
V100F,effect,67,80%
V100P,effect,61,80%
V100S,effect,26,63%
V100T,effect,3,53%
V100W,effect,81,91%
V100Y,effect,72,85%
V100V,neutral,-99,97%
R101A,effect,79,85%
R101R,neutral,-99,97%
R101N,effect,87,91%
R101D,effect,95,95%
R101C,effect,82,91%
R101Q,effect,81,91%
R101E,effect,90,95%
R101G,effect,90,95%
R101H,effect,83,91%
R101I,effect,84,91%
R101L,effect,86,91%
R101K,effect,75,85%
R101M,effect,82,91%
R101F,effect,89,91%
R101P,effect,94,95%
R101S,effect,86,91%
R101T,effect,85,91%
R101W,effect,92,95%
R101Y,effect,88,91%
R101V,effect,86,91%
C102A,effect,61,80%
C102R,effect,91,95%
C102N,effect,87,91%
C102D,effect,91,95%
C102C,neutral,-99,97%
C102Q,effect,90,95%
C102E,effect,90,95%
C102G,effect,86,91%
C102H,effect,89,91%
C102I,effect,88,91%
C102L,effect,89,91%
C102K,effect,91,95%
C102M,effect,87,91%
C102F,effect,91,95%
C102P,effect,92,95%
C102S,effect,74,85%
C102T,effect,79,85%
C102W,effect,92,95%
C102Y,effect,90,95%
C102V,effect,85,91%
S103A,neutral,-18,57%
S103R,effect,42,71%
S103N,effect,2,53%
S103D,effect,45,71%
S103C,effect,14,59%
S103Q,effect,20,63%
S103E,effect,37,66%
S103G,effect,11,59%
S103H,effect,28,63%
S103I,effect,44,71%
S103L,effect,36,66%
S103K,effect,29,63%
S103M,effect,39,66%
S103F,effect,38,66%
S103P,effect,55,75%
S103S,neutral,-99,97%
S103T,neutral,-45,72%
S103W,effect,55,75%
S103Y,effect,28,63%
S103V,effect,32,66%
F104A,effect,65,80%
F104R,effect,79,85%
F104N,effect,79,85%
F104D,effect,85,91%
F104C,effect,59,75%
F104Q,effect,75,85%
F104E,effect,80,91%
F104G,effect,80,91%
F104H,effect,72,85%
F104I,effect,65,80%
F104L,effect,59,75%
F104K,effect,80,91%
F104M,effect,63,80%
F104F,neutral,-99,97%
F104P,effect,85,91%
F104S,effect,77,85%
F104T,effect,75,85%
F104W,effect,56,75%
F104Y,neutral,-20,57%
F104V,effect,58,75%
Y105A,effect,49,71%
Y105R,effect,66,80%
Y105N,effect,60,80%
Y105D,effect,50,75%
Y105C,effect,49,71%
Y105Q,effect,57,75%
Y105E,effect,65,80%
Y105G,effect,66,80%
Y105H,effect,47,71%
Y105I,effect,44,71%
Y105L,effect,40,71%
Y105K,effect,69,80%
Y105M,effect,53,75%
Y105F,effect,2,53%
Y105P,effect,76,85%
Y105S,effect,58,75%
Y105T,effect,60,80%
Y105W,effect,50,75%
Y105Y,neutral,-99,97%
Y105V,effect,41,71%
E106A,effect,32,66%
E106R,effect,67,80%
E106N,effect,54,75%
E106D,effect,59,75%
E106C,effect,43,71%
E106Q,effect,40,71%
E106E,neutral,-99,97%
E106G,effect,66,80%
E106H,effect,30,66%
E106I,effect,50,75%
E106L,effect,44,71%
E106K,effect,64,80%
E106M,effect,49,71%
E106F,effect,31,66%
E106P,effect,78,85%
E106S,effect,53,75%
E106T,effect,53,75%
E106W,effect,61,80%
E106Y,neutral,-8,53%
E106V,effect,40,71%
D107A,effect,30,66%
D107R,effect,55,75%
D107N,effect,40,71%
D107D,neutral,-99,97%
D107C,effect,31,66%
D107Q,effect,34,66%
D107E,effect,28,63%
D107G,effect,45,71%
D107H,effect,48,71%
D107I,effect,55,75%
D107L,effect,60,80%
D107K,effect,57,75%
D107M,effect,50,75%
D107F,effect,56,75%
D107P,effect,66,80%
D107S,effect,27,63%
D107T,effect,32,66%
D107W,effect,64,80%
D107Y,effect,59,75%
D107V,effect,51,75%
F108A,effect,66,80%
F108R,effect,80,91%
F108N,effect,80,91%
F108D,effect,85,91%
F108C,effect,60,80%
F108Q,effect,77,85%
F108E,effect,81,91%
F108G,effect,76,85%
F108H,effect,76,85%
F108I,effect,62,80%
F108L,effect,68,80%
F108K,effect,82,91%
F108M,effect,65,80%
F108F,neutral,-99,97%
F108P,effect,86,91%
F108S,effect,76,85%
F108T,effect,74,85%
F108W,effect,69,80%
F108Y,effect,58,75%
F108V,effect,65,80%
L109A,effect,44,71%
L109R,effect,73,85%
L109N,effect,70,85%
L109D,effect,76,85%
L109C,effect,46,71%
L109Q,effect,62,80%
L109E,effect,70,85%
L109G,effect,75,85%
L109H,effect,66,80%
L109I,neutral,-22,61%
L109L,neutral,-99,97%
L109K,effect,62,80%
L109M,effect,5,53%
L109F,effect,26,63%
L109P,effect,76,85%
L109S,effect,52,75%
L109T,effect,44,71%
L109W,effect,65,80%
L109Y,effect,34,66%
L109V,neutral,-41,72%
E110A,effect,27,63%
E110R,effect,64,80%
E110N,effect,46,71%
E110D,effect,42,71%
E110C,effect,29,63%
E110Q,effect,21,63%
E110E,neutral,-99,97%
E110G,effect,61,80%
E110H,effect,45,71%
E110I,effect,51,75%
E110L,effect,53,75%
E110K,effect,60,80%
E110M,effect,40,71%
E110F,effect,53,75%
E110P,effect,71,85%
E110S,effect,48,71%
E110T,effect,46,71%
E110W,effect,64,80%
E110Y,effect,50,75%
E110V,effect,43,71%
Y111A,effect,55,75%
Y111R,effect,70,85%
Y111N,effect,66,80%
Y111D,effect,74,85%
Y111C,effect,49,71%
Y111Q,effect,63,80%
Y111E,effect,72,85%
Y111G,effect,69,80%
Y111H,effect,14,59%
Y111I,effect,52,75%
Y111L,effect,53,75%
Y111K,effect,73,85%
Y111M,effect,61,80%
Y111F,effect,17,59%
Y111P,effect,79,85%
Y111S,effect,64,80%
Y111T,effect,67,80%
Y111W,effect,54,75%
Y111Y,neutral,-99,97%
Y111V,effect,53,75%
H112A,effect,60,80%
H112R,effect,72,85%
H112N,effect,66,80%
H112D,effect,83,91%
H112C,effect,63,80%
H112Q,effect,54,75%
H112E,effect,74,85%
H112G,effect,73,85%
H112H,neutral,-99,97%
H112I,effect,71,85%
H112L,effect,74,85%
H112K,effect,77,85%
H112M,effect,65,80%
H112F,effect,67,80%
H112P,effect,88,91%
H112S,effect,71,85%
H112T,effect,72,85%
H112W,effect,77,85%
H112Y,effect,57,75%
H112V,effect,67,80%
D113A,effect,61,80%
D113R,effect,85,91%
D113N,effect,71,85%
D113D,neutral,-99,97%
D113C,effect,61,80%
D113Q,effect,73,85%
D113E,effect,63,80%
D113G,effect,77,85%
D113H,effect,80,91%
D113I,effect,81,91%
D113L,effect,83,91%
D113K,effect,86,91%
D113M,effect,81,91%
D113F,effect,80,91%
D113P,effect,87,91%
D113S,effect,65,80%
D113T,effect,70,85%
D113W,effect,87,91%
D113Y,effect,84,91%
D113V,effect,79,85%
V114A,effect,39,66%
V114R,effect,81,91%
V114N,effect,69,80%
V114D,effect,76,85%
V114C,effect,22,63%
V114Q,effect,71,85%
V114E,effect,69,80%
V114G,effect,74,85%
V114H,effect,76,85%
V114I,effect,25,63%
V114L,effect,56,75%
V114K,effect,80,91%
V114M,effect,48,71%
V114F,effect,62,80%
V114P,effect,78,85%
V114S,effect,63,80%
V114T,effect,49,71%
V114W,effect,79,85%
V114Y,effect,68,80%
V114V,neutral,-99,97%
R115A,effect,63,80%
R115R,neutral,-99,97%
R115N,effect,73,85%
R115D,effect,89,91%
R115C,effect,66,80%
R115Q,effect,65,80%
R115E,effect,80,91%
R115G,effect,82,91%
R115H,effect,63,80%
R115I,effect,70,85%
R115L,effect,66,80%
R115K,effect,64,80%
R115M,effect,63,80%
R115F,effect,78,85%
R115P,effect,86,91%
R115S,effect,73,85%
R115T,effect,72,85%
R115W,effect,85,91%
R115Y,effect,74,85%
R115V,effect,71,85%
V116A,effect,44,71%
V116R,effect,80,91%
V116N,effect,68,80%
V116D,effect,78,85%
V116C,effect,22,63%
V116Q,effect,69,80%
V116E,effect,71,85%
V116G,effect,71,85%
V116H,effect,75,85%
V116I,effect,26,63%
V116L,effect,54,75%
V116K,effect,81,91%
V116M,effect,43,71%
V116F,effect,60,80%
V116P,effect,77,85%
V116S,effect,61,80%
V116T,effect,49,71%
V116W,effect,77,85%
V116Y,effect,65,80%
V116V,neutral,-99,97%
V117A,effect,33,66%
V117R,effect,74,85%
V117N,effect,57,75%
V117D,effect,64,80%
V117C,effect,10,59%
V117Q,effect,58,75%
V117E,effect,61,80%
V117G,effect,66,80%
V117H,effect,67,80%
V117I,effect,1,53%
V117L,effect,43,71%
V117K,effect,73,85%
V117M,effect,32,66%
V117F,effect,48,71%
V117P,effect,70,85%
V117S,effect,51,75%
V117T,effect,38,66%
V117W,effect,67,80%
V117Y,effect,53,75%
V117V,neutral,-99,97%
L118A,effect,69,80%
L118R,effect,85,91%
L118N,effect,83,91%
L118D,effect,89,91%
L118C,effect,56,75%
L118Q,effect,78,85%
L118E,effect,85,91%
L118G,effect,87,91%
L118H,effect,83,91%
L118I,effect,46,71%
L118L,neutral,-99,97%
L118K,effect,87,91%
L118M,effect,44,71%
L118F,effect,66,80%
L118P,effect,88,91%
L118S,effect,80,91%
L118T,effect,76,85%
L118W,effect,81,91%
L118Y,effect,75,85%
L118V,effect,45,71%
D119A,effect,41,71%
D119R,effect,75,85%
D119N,effect,48,71%
D119D,neutral,-99,97%
D119C,effect,41,71%
D119Q,effect,56,75%
D119E,effect,45,71%
D119G,effect,61,80%
D119H,effect,67,80%
D119I,effect,67,80%
D119L,effect,70,85%
D119K,effect,76,85%
D119M,effect,65,80%
D119F,effect,60,80%
D119P,effect,77,85%
D119S,effect,42,71%
D119T,effect,49,71%
D119W,effect,76,85%
D119Y,effect,68,80%
D119V,effect,63,80%
F120A,effect,69,80%
F120R,effect,79,85%
F120N,effect,79,85%
F120D,effect,85,91%
F120C,effect,58,75%
F120Q,effect,75,85%
F120E,effect,81,91%
F120G,effect,80,91%
F120H,effect,74,85%
F120I,effect,61,80%
F120L,effect,66,80%
F120K,effect,81,91%
F120M,effect,58,75%
F120F,neutral,-99,97%
F120P,effect,85,91%
F120S,effect,76,85%
F120T,effect,73,85%
F120W,effect,66,80%
F120Y,effect,53,75%
F120V,effect,66,80%
I121A,effect,59,75%
I121R,effect,77,85%
I121N,effect,72,85%
I121D,effect,80,91%
I121C,effect,36,66%
I121Q,effect,66,80%
I121E,effect,76,85%
I121G,effect,78,85%
I121H,effect,70,85%
I121I,neutral,-99,97%
I121L,effect,13,59%
I121K,effect,77,85%
I121M,effect,18,59%
I121F,effect,46,71%
I121P,effect,78,85%
I121S,effect,65,80%
I121T,effect,61,80%
I121W,effect,69,80%
I121Y,effect,59,75%
I121V,effect,19,59%
