decision	reference	mutated
same	E-Exposed	E-Exposed
same	E-Exposed	E-Exposed
same	E-Exposed	E-Exposed
same	E-Exposed	E-Exposed
same	E-Exposed	E-Exposed
same	E-Exposed	E-Exposed
same	E-Exposed	E-Exposed
same	B-Bury	B-Bury
same	E-Exposed	E-Exposed
same	E-Exposed	E-Exposed
same	E-Exposed	E-Exposed
same	E-Exposed	E-Exposed
same	B-Bury	B-Bury
same	E-Exposed	E-Exposed
changed	B-Bury	E-Exposed
same	B-Bury	B-Bury
same	B-Bury	B-Bury
same	B-Bury	B-Bury
changed	M-Medium	B-Bury
same	B-Bury	B-Bury
changed	M-Medium	B-Bury
same	B-Bury	B-Bury
same	M-Medium	M-Medium
same	E-Exposed	E-Exposed
changed	M-Medium	E-Exposed
same	E-Exposed	E-Exposed
same	B-Bury	B-Bury
same	E-Exposed	E-Exposed
same	B-Bury	B-Bury
same	B-Bury	B-Bury
same	M-Medium	M-Medium
same	B-Bury	B-Bury
same	E-Exposed	E-Exposed
same	M-Medium	M-Medium
same	B-Bury	B-Bury
same	B-Bury	B-Bury
same	M-Medium	M-Medium
same	B-Bury	B-Bury
same	B-Bury	B-Bury
same	M-Medium	M-Medium
same	M-Medium	M-Medium
same	B-Bury	B-Bury
same	B-Bury	B-Bury
same	B-Bury	B-Bury
same	B-Bury	B-Bury
same	B-Bury	B-Bury
same	E-Exposed	E-Exposed
same	E-Exposed	E-Exposed
same	M-Medium	M-Medium
same	B-Bury	B-Bury
same	M-Medium	M-Medium
same	E-Exposed	E-Exposed
same	E-Exposed	E-Exposed
same	M-Medium	M-Medium
same	E-Exposed	E-Exposed
same	E-Exposed	E-Exposed
same	B-Bury	B-Bury
same	M-Medium	M-Medium
same	B-Bury	B-Bury
same	M-Medium	M-Medium
same	E-Exposed	E-Exposed
same	M-Medium	M-Medium
same	E-Exposed	E-Exposed
same	B-Bury	B-Bury
same	M-Medium	M-Medium
same	B-Bury	B-Bury
same	B-Bury	B-Bury
same	B-Bury	B-Bury
same	M-Medium	M-Medium
same	B-Bury	B-Bury
same	E-Exposed	E-Exposed
same	E-Exposed	E-Exposed
same	B-Bury	B-Bury
same	M-Medium	M-Medium
same	B-Bury	B-Bury
same	M-Medium	M-Medium
same	B-Bury	B-Bury
same	M-Medium	M-Medium
same	B-Bury	B-Bury
same	M-Medium	M-Medium
same	M-Medium	M-Medium
same	B-Bury	B-Bury
same	M-Medium	M-Medium
same	M-Medium	M-Medium
same	B-Bury	B-Bury
changed	M-Medium	B-Bury
same	B-Bury	B-Bury
same	M-Medium	M-Medium
same	B-Bury	B-Bury
same	M-Medium	M-Medium
same	B-Bury	B-Bury
same	M-Medium	M-Medium
same	E-Exposed	E-Exposed
same	E-Exposed	E-Exposed
same	E-Exposed	E-Exposed
same	E-Exposed	E-Exposed
same	E-Exposed	E-Exposed
same	M-Medium	M-Medium
same	E-Exposed	E-Exposed
same	E-Exposed	E-Exposed
same	M-Medium	M-Medium
changed	E-Exposed	M-Medium
same	B-Bury	B-Bury
same	B-Bury	B-Bury
same	M-Medium	M-Medium
same	B-Bury	B-Bury
changed	E-Exposed	M-Medium
same	E-Exposed	E-Exposed
same	E-Exposed	E-Exposed
same	M-Medium	M-Medium
same	M-Medium	M-Medium
same	B-Bury	B-Bury
same	B-Bury	B-Bury
same	B-Bury	B-Bury
same	B-Bury	B-Bury
same	B-Bury	B-Bury
same	B-Bury	B-Bury
same	B-Bury	B-Bury
same	E-Exposed	E-Exposed
same	E-Exposed	E-Exposed
same	M-Medium	M-Medium
same	E-Exposed	E-Exposed
same	E-Exposed	E-Exposed
same	M-Medium	M-Medium
same	M-Medium	M-Medium
same	B-Bury	B-Bury
same	M-Medium	M-Medium
same	B-Bury	B-Bury
same	B-Bury	B-Bury
same	B-Bury	B-Bury
same	M-Medium	M-Medium
same	E-Exposed	E-Exposed
same	E-Exposed	E-Exposed
same	B-Bury	B-Bury
same	E-Exposed	E-Exposed
same	B-Bury	B-Bury
same	E-Exposed	E-Exposed
same	E-Exposed	E-Exposed
same	M-Medium	M-Medium
same	B-Bury	B-Bury
same	M-Medium	M-Medium
same	E-Exposed	E-Exposed
same	E-Exposed	E-Exposed
same	E-Exposed	E-Exposed
same	B-Bury	B-Bury
same	M-Medium	M-Medium
same	B-Bury	B-Bury
same	B-Bury	B-Bury
same	B-Bury	B-Bury
same	B-Bury	B-Bury
same	M-Medium	M-Medium
same	B-Bury	B-Bury
same	M-Medium	M-Medium
same	M-Medium	M-Medium
same	E-Exposed	E-Exposed
same	B-Bury	B-Bury
same	B-Bury	B-Bury
same	B-Bury	B-Bury
same	B-Bury	B-Bury
same	B-Bury	B-Bury
same	B-Bury	B-Bury
same	B-Bury	B-Bury
same	B-Bury	B-Bury
same	B-Bury	B-Bury
same	B-Bury	B-Bury
same	E-Exposed	E-Exposed
same	B-Bury	B-Bury
same	M-Medium	M-Medium
same	E-Exposed	E-Exposed
same	B-Bury	B-Bury
same	B-Bury	B-Bury
same	B-Bury	B-Bury
same	B-Bury	B-Bury
same	B-Bury	B-Bury
same	M-Medium	M-Medium
same	M-Medium	M-Medium
same	B-Bury	B-Bury
same	E-Exposed	E-Exposed
same	E-Exposed	E-Exposed
same	M-Medium	M-Medium
same	B-Bury	B-Bury
same	B-Bury	B-Bury
same	B-Bury	B-Bury
same	B-Bury	B-Bury
same	B-Bury	B-Bury
same	B-Bury	B-Bury
same	M-Medium	M-Medium
same	M-Medium	M-Medium
same	E-Exposed	E-Exposed
same	M-Medium	M-Medium
same	B-Bury	B-Bury
same	E-Exposed	E-Exposed
same	E-Exposed	E-Exposed
same	E-Exposed	E-Exposed
same	E-Exposed	E-Exposed
same	M-Medium	M-Medium
same	E-Exposed	E-Exposed
same	B-Bury	B-Bury
same	M-Medium	M-Medium
same	B-Bury	B-Bury
same	M-Medium	M-Medium
same	B-Bury	B-Bury
same	B-Bury	B-Bury
same	B-Bury	B-Bury
same	B-Bury	B-Bury
same	B-Bury	B-Bury
same	B-Bury	B-Bury
same	B-Bury	B-Bury
same	B-Bury	B-Bury
same	B-Bury	B-Bury
same	B-Bury	B-Bury
same	M-Medium	M-Medium
same	E-Exposed	E-Exposed
changed	M-Medium	E-Exposed
same	M-Medium	M-Medium
same	B-Bury	B-Bury
same	B-Bury	B-Bury
same	B-Bury	B-Bury
same	B-Bury	B-Bury
changed	M-Medium	B-Bury
same	B-Bury	B-Bury
same	B-Bury	B-Bury
same	B-Bury	B-Bury
same	M-Medium	M-Medium
same	B-Bury	B-Bury
same	E-Exposed	E-Exposed
same	E-Exposed	E-Exposed
same	B-Bury	B-Bury
same	M-Medium	M-Medium
same	B-Bury	B-Bury
same	B-Bury	B-Bury
same	B-Bury	B-Bury
same	B-Bury	B-Bury
same	M-Medium	M-Medium
same	B-Bury	B-Bury
same	M-Medium	M-Medium
same	B-Bury	B-Bury
same	E-Exposed	E-Exposed
same	E-Exposed	E-Exposed
same	M-Medium	M-Medium
same	E-Exposed	E-Exposed
same	E-Exposed	E-Exposed
same	E-Exposed	E-Exposed
same	M-Medium	M-Medium
same	B-Bury	B-Bury
same	E-Exposed	E-Exposed
same	B-Bury	B-Bury
same	B-Bury	B-Bury
same	B-Bury	B-Bury
same	E-Exposed	E-Exposed
same	B-Bury	B-Bury
same	B-Bury	B-Bury
changed	M-Medium	E-Exposed
same	E-Exposed	E-Exposed
same	B-Bury	B-Bury
same	B-Bury	B-Bury
changed	M-Medium	B-Bury
same	B-Bury	B-Bury
same	B-Bury	B-Bury
same	B-Bury	B-Bury
same	M-Medium	M-Medium
same	B-Bury	B-Bury
same	B-Bury	B-Bury
same	M-Medium	M-Medium
same	B-Bury	B-Bury
same	B-Bury	B-Bury
same	M-Medium	M-Medium
same	M-Medium	M-Medium
same	B-Bury	B-Bury
same	M-Medium	M-Medium
same	E-Exposed	E-Exposed
same	E-Exposed	E-Exposed
same	E-Exposed	E-Exposed
same	B-Bury	B-Bury
same	E-Exposed	E-Exposed
same	E-Exposed	E-Exposed
same	M-Medium	M-Medium
same	M-Medium	M-Medium
same	B-Bury	B-Bury
same	B-Bury	B-Bury
same	B-Bury	B-Bury
same	B-Bury	B-Bury
same	B-Bury	B-Bury
same	B-Bury	B-Bury
same	M-Medium	M-Medium
same	E-Exposed	E-Exposed
same	E-Exposed	E-Exposed
same	E-Exposed	E-Exposed
same	M-Medium	M-Medium
same	E-Exposed	E-Exposed
same	E-Exposed	E-Exposed
same	M-Medium	M-Medium
same	E-Exposed	E-Exposed
same	B-Bury	B-Bury
same	B-Bury	B-Bury
same	E-Exposed	E-Exposed
same	E-Exposed	E-Exposed
same	B-Bury	B-Bury
same	E-Exposed	E-Exposed
same	E-Exposed	E-Exposed
same	B-Bury	B-Bury
same	E-Exposed	E-Exposed
same	E-Exposed	E-Exposed
same	E-Exposed	E-Exposed
