Lineage	Month	Year	Protein	Position	Entropy	AA Group Change	AA Change	Count	Proportion
B.1.1.7	12	2020	Spike	69	-0.000	Positive Charge to 	H to del	7	1.0
B.1.1.7	12	2020	Spike	716	-0.000	Polar to Non Polar	T to I	9	1.0
B.1.1.7	12	2020	Spike	570	-0.000	Non Polar to Negative Charge	A to D	9	1.0
B.1.1.7	12	2020	Spike	501	-0.000	Polar to Polar	N to Y	8	1.0
B.1.1.7	12	2020	Spike	681	-0.000	Non Polar to Positive Charge	P to H	9	1.0
B.1.1.7	12	2020	Spike	144	-0.000	Polar to 	Y to del	7	1.0
B.1.1.7	12	2020	Spike	1118	-0.000	Negative Charge to Positive Charge	D to H	9	1.0
B.1.1.7	12	2020	Spike	70	-0.000	Non Polar to 	V to del	7	1.0
B.1.1.7	12	2020	Spike	614	-0.000	Negative Charge to Non Polar	D to G	9	1.0
B.1.1.7	12	2020	Spike	982	-0.000	Polar to Non Polar	S to A	9	1.0
B.1.1.7	12	2020	NS8	27	-0.000	Polar to 	Q to stop	9	1.0
B.1.1.7	12	2020	NS8	68	-0.000	Positive Charge to 	K to stop	9	1.0
B.1.1.7	12	2020	NS8	52	-0.000	Positive Charge to Non Polar	R to I	9	1.0
B.1.1.7	12	2020	NS8	73	-0.000	Polar to Non Polar	Y to C	9	1.0
B.1.1.7	12	2020	NSP3	183	-0.000	Polar to Non Polar	T to I	8	1.0
B.1.1.7	12	2020	NSP3	1412	-0.000	Non Polar to Polar	I to T	6	1.0
B.1.1.7	12	2020	NSP3	1004	-0.000	Polar to Non Polar	T to I	1	1.0
B.1.1.7	12	2020	NSP3	890	-0.000	Non Polar to Negative Charge	A to D	8	1.0
B.1.1.7	12	2020	NSP3	1016	-0.000	Non Polar to Polar	G to T	1	1.0
B.1.1.7	12	2020	NSP3	1441	-0.000	Non Polar to Non Polar	M to I	4	1.0
B.1.1.7	12	2020	NSP3	1185	-0.000	Polar to Non Polar	Y to C	2	1.0
B.1.1.7	12	2020	NSP6	106	-0.000	Polar to 	S to del	7	1.0
B.1.1.7	12	2020	NSP6	107	-0.000	Non Polar to 	G to del	7	1.0
B.1.1.7	12	2020	NSP6	108	-0.000	Non Polar to 	F to del	7	1.0
B.1.1.7	12	2020	NSP6	67	-0.000	Non Polar to Non Polar	L to F	1	1.0
B.1.1.7	12	2020	N	203	-0.000	Positive Charge to Positive Charge	R to K	8	1.0
B.1.1.7	12	2020	N	204	-0.000	Non Polar to Positive Charge	G to R	8	1.0
B.1.1.7	12	2020	N	3	-0.000	Negative Charge to Non Polar	D to L	9	1.0
B.1.1.7	12	2020	N	235	-0.000	Polar to Non Polar	S to F	9	1.0
B.1.1.7	12	2020	N	289	-0.000	Polar to Positive Charge	Q to H	1	1.0
B.1.1.7	12	2020	NSP12	227	-0.000	Non Polar to Non Polar	P to L	7	1.0
B.1.1.7	12	2020	NSP12	323	-0.000	Non Polar to Non Polar	P to L	9	1.0
B.1.1.7	12	2020	M	17	-0.000	Non Polar to Non Polar	L to F	1	1.0
B.1.1.7	12	2020	NSP2	110	-0.000	Positive Charge to Polar	K to Q	1	1.0
B.1.1.7	12	2020	NSP2	531	-0.000	Polar to Non Polar	T to A	1	1.0
B.1.1.7	12	2020	NSP13	442	-0.000	Positive Charge to Non Polar	R to L	1	1.0
B.1.1.7	12	2020	NSP14	451	-0.000	Non Polar to Polar	P to S	2	1.0
B.1.1.7	12	2020	NS3	1	-0.000	Non Polar to Non Polar	M to I	1	1.0
B.1.1.7	1	2021	Spike	69	-0.000	Positive Charge to 	H to del	140	1.0
B.1.1.7	1	2021	Spike	716	-0.000	Polar to Non Polar	T to I	147	1.0
B.1.1.7	1	2021	Spike	570	-0.000	Non Polar to Negative Charge	A to D	147	1.0
B.1.1.7	1	2021	Spike	501	-0.000	Polar to Polar	N to Y	145	1.0
B.1.1.7	1	2021	Spike	681	-0.000	Non Polar to Positive Charge	P to H	147	1.0
B.1.1.7	1	2021	Spike	144	-0.000	Polar to 	Y to del	141	1.0
B.1.1.7	1	2021	Spike	1118	-0.000	Negative Charge to Positive Charge	D to H	145	1.0
B.1.1.7	1	2021	Spike	70	-0.000	Non Polar to 	V to del	140	1.0
B.1.1.7	1	2021	Spike	614	-0.000	Negative Charge to Non Polar	D to G	147	1.0
B.1.1.7	1	2021	Spike	982	-0.000	Polar to Non Polar	S to A	143	1.0
B.1.1.7	1	2021	Spike	694	-0.000	Non Polar to Polar	A to S	1	1.0
B.1.1.7	1	2021	Spike	80	-0.000	Negative Charge to Polar	D to Y	7	1.0
B.1.1.7	1	2021	Spike	20	-0.000	Polar to Non Polar	T to I	1	1.0
B.1.1.7	1	2021	Spike	308	-0.000	Non Polar to Non Polar	V to L	2	1.0
B.1.1.7	1	2021	Spike	1250	-0.000	Non Polar to Non Polar	C to F	2	1.0
B.1.1.7	1	2021	Spike	494	-0.000	Polar to Non Polar	S to L	1	1.0
B.1.1.7	1	2021	Spike	129	-0.000	Positive Charge to Polar	K to N	1	1.0
B.1.1.7	1	2021	Spike	1201	-0.000	Polar to Positive Charge	Q to K	1	1.0
B.1.1.7	1	2021	Spike	1150	-0.000	Negative Charge to Positive Charge	E to K	1	1.0
B.1.1.7	1	2021	Spike	845	-0.000	Non Polar to Polar	A to S	1	1.0
B.1.1.7	1	2021	Spike	675	-0.000	Polar to Positive Charge	Q to H	1	1.0
B.1.1.7	1	2021	Spike	690	-0.000	Polar to Positive Charge	Q to H	1	1.0
B.1.1.7	1	2021	Spike	177	-0.000	Non Polar to Non Polar	M to I	1	1.0
B.1.1.7	1	2021	Spike	588	-0.000	Polar to Polar	T to S	1	1.0
B.1.1.7	1	2021	Spike	740	-0.000	Non Polar to Non Polar	M to I	1	1.0
B.1.1.7	1	2021	Spike	246	-0.000	Positive Charge to Positive Charge	R to K	1	1.0
B.1.1.7	1	2021	Spike	678	-0.000	Polar to Non Polar	T to I	1	1.0
B.1.1.7	1	2021	Spike	484	-0.000	Negative Charge to Polar	E to Q	1	1.0
B.1.1.7	1	2021	Spike	67	-0.000	Non Polar to Non Polar	A to V	1	1.0
B.1.1.7	1	2021	NS8	27	-0.000	Polar to 	Q to stop	146	1.0
B.1.1.7	1	2021	NS8	68	-0.000	Positive Charge to 	K to stop	143	1.0
B.1.1.7	1	2021	NS8	52	-0.000	Positive Charge to Non Polar	R to I	146	1.0
B.1.1.7	1	2021	NS8	73	-0.000	Polar to Non Polar	Y to C	147	1.0
B.1.1.7	1	2021	NS8	79	-0.000	Polar to Non Polar	Y to C	4	1.0
B.1.1.7	1	2021	NS8	62	-0.000	Non Polar to Non Polar	V to L	1	1.0
B.1.1.7	1	2021	NS8	45	-0.000	Non Polar to Non Polar	W to C	3	1.0
B.1.1.7	1	2021	NS8	60	-0.000	Non Polar to Non Polar	L to V	2	1.0
B.1.1.7	1	2021	NS8	37	-0.000	Non Polar to Non Polar	C to F	1	1.0
B.1.1.7	1	2021	NS8	72	-0.000	Polar to Positive Charge	Q to H	1	1.0
B.1.1.7	1	2021	NS8	102	-0.000	Non Polar to Non Polar	C to F	1	1.0
B.1.1.7	1	2021	NS8	36	-0.000	Non Polar to Non Polar	P to L	1	1.0
B.1.1.7	1	2021	NSP3	183	-0.000	Polar to Non Polar	T to I	146	1.0
B.1.1.7	1	2021	NSP3	1412	-0.000	Non Polar to Polar	I to T	137	1.0
B.1.1.7	1	2021	NSP3	890	-0.000	Non Polar to Negative Charge	A to D	147	1.0
B.1.1.7	1	2021	NSP3	1441	-0.000	Non Polar to Non Polar	M to I	42	1.0
B.1.1.7	1	2021	NSP3	1693	-0.000	Positive Charge to Positive Charge	K to R	4	1.0
B.1.1.7	1	2021	NSP3	1306	-0.000	Polar to Non Polar	T to I	2	1.0
B.1.1.7	1	2021	NSP3	494	-0.000	Non Polar to Non Polar	M to I	3	1.0
B.1.1.7	1	2021	NSP3	180	-0.000	Polar to Positive Charge	Q to H	1	1.0
B.1.1.7	1	2021	NSP3	1185	-0.000	Polar to Non Polar	Y to C	1	1.0
B.1.1.7	1	2021	NSP3	1865	-0.000	Non Polar to Non Polar	M to I	1	1.0
B.1.1.7	1	2021	NSP3	1596	-0.000	Positive Charge to Polar	K to N	1	1.0
B.1.1.7	1	2021	NSP3	231	-0.000	Non Polar to Non Polar	A to V	1	1.0
B.1.1.7	1	2021	NSP3	820	-0.000	Polar to Non Polar	T to A	1	1.0
B.1.1.7	1	2021	NSP3	204	-0.000	Polar to Non Polar	T to I	1	1.0
B.1.1.7	1	2021	NSP3	133	-0.000	Polar to Non Polar	T to I	1	1.0
B.1.1.7	1	2021	NSP3	1670	-0.000	Polar to Non Polar	S to F	1	1.0
B.1.1.7	1	2021	NSP3	1467	-0.000	Polar to Non Polar	S to F	1	1.0
B.1.1.7	1	2021	NSP3	120	-0.000	Negative Charge to Non Polar	E to A	1	1.0
B.1.1.7	1	2021	NSP3	720	-0.000	Polar to Non Polar	T to I	1	1.0
B.1.1.7	1	2021	NSP3	350	-0.000	Polar to Polar	T to N	1	1.0
B.1.1.7	1	2021	NSP3	304	-0.000	Non Polar to Non Polar	V to I	1	1.0
B.1.1.7	1	2021	NSP3	1375	-0.000	Polar to Non Polar	S to F	1	1.0
B.1.1.7	1	2021	NSP3	1676	-0.000	Non Polar to Non Polar	V to I	1	1.0
B.1.1.7	1	2021	NSP3	985	-0.000	Non Polar to Polar	P to S	1	1.0
B.1.1.7	1	2021	NSP6	106	-0.000	Polar to 	S to del	138	1.0
B.1.1.7	1	2021	NSP6	107	-0.000	Non Polar to 	G to del	138	1.0
B.1.1.7	1	2021	NSP6	108	-0.000	Non Polar to 	F to del	138	1.0
B.1.1.7	1	2021	NSP6	51	-0.000	Non Polar to Non Polar	A to V	6	1.0
B.1.1.7	1	2021	NSP6	185	-0.000	Non Polar to Non Polar	L to F	2	1.0
B.1.1.7	1	2021	NSP6	197	-0.000	Non Polar to Positive Charge	C to R	1	1.0
B.1.1.7	1	2021	NSP6	181	-0.000	Polar to Non Polar	T to I	1	1.0
B.1.1.7	1	2021	NSP6	35	-0.000	Non Polar to Non Polar	F to L	1	1.0
B.1.1.7	1	2021	N	203	-0.000	Positive Charge to Positive Charge	R to K	143	1.0
B.1.1.7	1	2021	N	204	-0.000	Non Polar to Positive Charge	G to R	143	1.0
B.1.1.7	1	2021	N	3	-0.000	Negative Charge to Non Polar	D to L	146	1.0
B.1.1.7	1	2021	N	235	-0.000	Polar to Non Polar	S to F	145	1.0
B.1.1.7	1	2021	N	119	-0.000	Non Polar to Polar	A to S	1	1.0
B.1.1.7	1	2021	N	238	-0.000	Non Polar to Polar	G to S	2	1.0
B.1.1.7	1	2021	N	387	-0.000	Positive Charge to 	K to del	1	1.0
B.1.1.7	1	2021	N	398	-0.000	Non Polar to Non Polar	A to V	2	1.0
B.1.1.7	1	2021	N	120	-0.000	Non Polar to Non Polar	G to V	1	1.0
B.1.1.7	1	2021	N	194	-0.000	Polar to Non Polar	S to L	2	1.0
B.1.1.7	1	2021	N	152	-0.000	Non Polar to Non Polar	A to V	1	1.0
B.1.1.7	1	2021	N	391	-0.000	Polar to Non Polar	T to I	1	1.0
B.1.1.7	1	2021	N	270	-0.000	Non Polar to Non Polar	V to I	1	1.0
B.1.1.7	1	2021	NSP12	227	-0.000	Non Polar to Non Polar	P to L	143	1.0
B.1.1.7	1	2021	NSP12	323	-0.000	Non Polar to Non Polar	P to L	144	1.0
B.1.1.7	1	2021	NSP12	478	-0.000	Positive Charge to Polar	K to N	1	1.0
B.1.1.7	1	2021	NSP12	299	-0.000	Non Polar to Non Polar	V to F	2	1.0
B.1.1.7	1	2021	NSP12	85	-0.000	Polar to Polar	T to S	3	1.0
B.1.1.7	1	2021	NSP12	544	-0.000	Non Polar to Positive Charge	L to H	1	1.0
B.1.1.7	1	2021	NS7a	35	-0.000	Non Polar to Positive Charge	C to R	2	1.0
B.1.1.7	1	2021	NS7a	93	-0.000	Non Polar to Non Polar	V to F	1	1.0
B.1.1.7	1	2021	NS7a	89	-0.000	Positive Charge to Non Polar	R to I	1	1.0
B.1.1.7	1	2021	NS7a	80	-0.000	Positive Charge to Non Polar	R to I	1	1.0
B.1.1.7	1	2021	NS7a	47	-0.000	Positive Charge to Polar	H to Y	1	1.0
B.1.1.7	1	2021	NSP2	155	-0.000	Negative Charge to Non Polar	D to G	1	1.0
B.1.1.7	1	2021	NSP2	531	-0.000	Polar to Non Polar	T to A	3	1.0
B.1.1.7	1	2021	NSP2	341	-0.000	Non Polar to Non Polar	W to C	2	1.0
B.1.1.7	1	2021	NSP2	318	-0.000	Non Polar to Non Polar	A to V	1	1.0
B.1.1.7	1	2021	NSP2	140	-0.000	Non Polar to Non Polar	L to F	2	1.0
B.1.1.7	1	2021	NSP2	543	-0.000	Polar to Non Polar	S to F	1	1.0
B.1.1.7	1	2021	NSP2	29	-0.000	Non Polar to Non Polar	G to C	2	1.0
B.1.1.7	1	2021	NSP2	92	-0.000	Polar to Negative Charge	N to D	1	1.0
B.1.1.7	1	2021	NSP2	386	-0.000	Non Polar to Non Polar	A to V	1	1.0
B.1.1.7	1	2021	NSP2	32	-0.000	Polar to Non Polar	S to L	1	1.0
B.1.1.7	1	2021	NSP2	547	-0.000	Polar to Non Polar	T to I	1	1.0
B.1.1.7	1	2021	NSP2	205	-0.000	Non Polar to Non Polar	A to V	1	1.0
B.1.1.7	1	2021	NSP2	198	-0.000	Non Polar to Non Polar	V to I	1	1.0
B.1.1.7	1	2021	NSP2	77	-0.000	Non Polar to Non Polar	I to V	2	1.0
B.1.1.7	1	2021	NSP16	56	-0.000	Polar to Non Polar	T to I	2	1.0
B.1.1.7	1	2021	NSP16	160	-0.000	Positive Charge to Positive Charge	K to R	2	1.0
B.1.1.7	1	2021	NSP13	93	-0.000	Polar to Non Polar	Y to C	1	1.0
B.1.1.7	1	2021	NSP13	460	-0.000	Positive Charge to Positive Charge	K to R	3	1.0
B.1.1.7	1	2021	NSP13	570	-0.000	Non Polar to Non Polar	V to L	1	1.0
B.1.1.7	1	2021	NSP13	98	-0.000	Non Polar to Non Polar	V to F	1	1.0
B.1.1.7	1	2021	NSP13	74	-0.000	Polar to Non Polar	S to L	1	1.0
B.1.1.7	1	2021	NSP13	296	-0.000	Non Polar to Polar	A to S	1	1.0
B.1.1.7	1	2021	NS3	172	-0.000	Non Polar to Non Polar	G to C	2	1.0
B.1.1.7	1	2021	NS3	259	-0.000	Non Polar to Non Polar	V to L	2	1.0
B.1.1.7	1	2021	NS3	40	-0.000	Polar to Non Polar	S to L	1	1.0
B.1.1.7	1	2021	NS3	106	-0.000	Non Polar to Non Polar	L to F	1	1.0
B.1.1.7	1	2021	NS3	1	-0.000	Non Polar to Non Polar	M to I	1	1.0
B.1.1.7	1	2021	NS3	187	-0.000	Non Polar to Polar	G to S	1	1.0
B.1.1.7	1	2021	NS3	202	-0.000	Non Polar to Non Polar	V to L	1	1.0
B.1.1.7	1	2021	NS3	155	-0.000	Negative Charge to Polar	D to Y	1	1.0
B.1.1.7	1	2021	NS3	125	-0.000	Non Polar to Non Polar	M to I	1	1.0
B.1.1.7	1	2021	NSP14	297	-0.000	Non Polar to Positive Charge	P to H	4	1.0
B.1.1.7	1	2021	NSP14	72	-0.000	Non Polar to Non Polar	M to I	2	1.0
B.1.1.7	1	2021	NSP14	451	-0.000	Non Polar to Polar	P to S	10	1.0
B.1.1.7	1	2021	NSP14	16	-0.000	Polar to Non Polar	T to I	2	1.0
B.1.1.7	1	2021	NSP14	182	-0.000	Non Polar to Non Polar	V to L	1	1.0
B.1.1.7	1	2021	NSP14	435	-0.000	Non Polar to Non Polar	A to V	1	1.0
B.1.1.7	1	2021	NSP8	104	-0.000	Polar to Polar	N to S	2	1.0
B.1.1.7	1	2021	NSP8	145	-0.000	Polar to Non Polar	T to I	15	1.0
B.1.1.7	1	2021	NSP8	70	-0.000	Non Polar to Non Polar	M to I	2	1.0
B.1.1.7	1	2021	NSP15	193	-0.000	Polar to Non Polar	Y to F	1	1.0
B.1.1.7	1	2021	NSP15	91	-0.000	Negative Charge to Polar	D to Y	1	1.0
B.1.1.7	1	2021	NSP15	76	-0.000	Non Polar to Polar	G to S	1	1.0
B.1.1.7	1	2021	NSP15	12	-0.000	Positive Charge to Polar	K to N	4	1.0
B.1.1.7	1	2021	NSP15	286	-0.000	Non Polar to Negative Charge	G to D	1	1.0
B.1.1.7	1	2021	NSP15	209	-0.000	Non Polar to Non Polar	M to I	1	1.0
B.1.1.7	1	2021	NS6	27	-0.000	Non Polar to Non Polar	W to L	1	1.0
B.1.1.7	1	2021	NSP5	225	-0.000	Polar to Non Polar	T to I	2	1.0
B.1.1.7	1	2021	NSP5	241	-0.000	Non Polar to Non Polar	P to L	1	1.0
B.1.1.7	1	2021	NSP5	236	-0.000	Positive Charge to Positive Charge	K to R	1	1.0
B.1.1.7	1	2021	E	49	-0.000	Non Polar to Non Polar	V to L	2	1.0
B.1.1.7	1	2021	M	75	-0.000	Non Polar to Non Polar	W to L	1	1.0
B.1.1.7	1	2021	M	3	-0.000	Negative Charge to Positive Charge	D to H	2	1.0
B.1.1.7	1	2021	M	98	-0.000	Non Polar to Polar	A to S	1	1.0
B.1.1.7	1	2021	NSP4	17	-0.000	Non Polar to Non Polar	F to L	1	1.0
B.1.1.7	1	2021	NSP4	85	-0.000	Negative Charge to Non Polar	D to V	2	1.0
B.1.1.7	1	2021	NSP4	387	-0.000	Polar to Non Polar	T to I	2	1.0
B.1.1.7	1	2021	NSP1	112	-0.000	Non Polar to Negative Charge	G to D	1	1.0
B.1.1.7	2	2021	NS8	27	-0.000	Polar to 	Q to stop	73	1.0
B.1.1.7	2	2021	NS8	68	-0.000	Positive Charge to 	K to stop	73	1.0
B.1.1.7	2	2021	NS8	52	-0.000	Positive Charge to Non Polar	R to I	73	1.0
B.1.1.7	2	2021	NS8	73	-0.000	Polar to Non Polar	Y to C	73	1.0
B.1.1.7	2	2021	NS8	82	-0.000	Polar to Non Polar	S to A	1	1.0
B.1.1.7	2	2021	NS8	106	-0.000	Negative Charge to 	E to stop	2	1.0
B.1.1.7	2	2021	NS8	35	-0.000	Negative Charge to Polar	D to Y	1	1.0
B.1.1.7	2	2021	NS8	45	-0.000	Non Polar to Non Polar	W to C	1	1.0
B.1.1.7	2	2021	NSP3	183	-0.000	Polar to Non Polar	T to I	73	1.0
B.1.1.7	2	2021	NSP3	1412	-0.000	Non Polar to Polar	I to T	71	1.0
B.1.1.7	2	2021	NSP3	890	-0.000	Non Polar to Negative Charge	A to D	73	1.0
B.1.1.7	2	2021	NSP3	1441	-0.000	Non Polar to Non Polar	M to I	16	1.0
B.1.1.7	2	2021	NSP3	1467	-0.000	Polar to Non Polar	S to F	1	1.0
B.1.1.7	2	2021	NSP3	942	-0.000	Polar to Non Polar	T to I	1	1.0
B.1.1.7	2	2021	NSP3	813	-0.000	Non Polar to Non Polar	A to V	1	1.0
B.1.1.7	2	2021	NSP3	523	-0.000	Negative Charge to Negative Charge	E to D	1	1.0
B.1.1.7	2	2021	NSP3	1305	-0.000	Non Polar to Non Polar	A to V	1	1.0
B.1.1.7	2	2021	NSP3	1676	-0.000	Non Polar to Non Polar	V to I	1	1.0
B.1.1.7	2	2021	NSP3	652	-0.000	Positive Charge to Positive Charge	K to R	2	1.0
B.1.1.7	2	2021	NSP3	353	-0.000	Polar to Positive Charge	T to K	1	1.0
B.1.1.7	2	2021	NSP3	1469	-0.000	Non Polar to Non Polar	P to L	1	1.0
B.1.1.7	2	2021	NSP3	1693	-0.000	Positive Charge to Positive Charge	K to R	1	1.0
B.1.1.7	2	2021	NSP3	1365	-0.000	Polar to Non Polar	T to I	1	1.0
B.1.1.7	2	2021	NSP3	1461	-0.000	Non Polar to Non Polar	A to V	1	1.0
B.1.1.7	2	2021	NSP3	1269	-0.000	Polar to Non Polar	T to I	1	1.0
B.1.1.7	2	2021	NSP3	263	-0.000	Polar to Positive Charge	N to K	1	1.0
B.1.1.7	2	2021	NSP3	1250	-0.000	Polar to Non Polar	T to I	1	1.0
B.1.1.7	2	2021	NSP3	1762	-0.000	Non Polar to Non Polar	V to F	1	1.0
B.1.1.7	2	2021	NSP3	1788	-0.000	Non Polar to Non Polar	M to I	1	1.0
B.1.1.7	2	2021	NSP3	1287	-0.000	Non Polar to Non Polar	L to F	1	1.0
B.1.1.7	2	2021	NSP3	1333	-0.000	Polar to Non Polar	S to G	1	1.0
B.1.1.7	2	2021	NSP3	1681	-0.000	Non Polar to Polar	G to S	1	1.0
B.1.1.7	2	2021	NSP3	864	-0.000	Polar to Non Polar	T to I	1	1.0
B.1.1.7	2	2021	NSP3	1053	-0.000	Polar to Polar	N to S	1	1.0
B.1.1.7	2	2021	NSP3	526	-0.000	Polar to Non Polar	T to I	1	1.0
B.1.1.7	2	2021	NSP3	663	-0.000	Negative Charge to Non Polar	D to G	2	1.0
B.1.1.7	2	2021	Spike	716	-0.000	Polar to Non Polar	T to I	73	1.0
B.1.1.7	2	2021	Spike	570	-0.000	Non Polar to Negative Charge	A to D	73	1.0
B.1.1.7	2	2021	Spike	681	-0.000	Non Polar to Positive Charge	P to H	73	1.0
B.1.1.7	2	2021	Spike	144	-0.000	Polar to 	Y to del	71	1.0
B.1.1.7	2	2021	Spike	1236	-0.000	Non Polar to Non Polar	C to F	1	1.0
B.1.1.7	2	2021	Spike	1118	-0.000	Negative Charge to Positive Charge	D to H	73	1.0
B.1.1.7	2	2021	Spike	614	-0.000	Negative Charge to Non Polar	D to G	73	1.0
B.1.1.7	2	2021	Spike	982	-0.000	Polar to Non Polar	S to A	73	1.0
B.1.1.7	2	2021	Spike	69	-0.000	Positive Charge to 	H to del	72	1.0
B.1.1.7	2	2021	Spike	501	-0.000	Polar to Polar	N to Y	67	1.0
B.1.1.7	2	2021	Spike	70	-0.000	Non Polar to 	V to del	72	1.0
B.1.1.7	2	2021	Spike	27	-0.000	Non Polar to Non Polar	A to V	8	1.0
B.1.1.7	2	2021	Spike	14	-0.000	Polar to Positive Charge	Q to H	1	1.0
B.1.1.7	2	2021	Spike	452	-0.000	Non Polar to Positive Charge	L to R	2	1.0
B.1.1.7	2	2021	Spike	478	-0.000	Polar to Positive Charge	T to K	1	1.0
B.1.1.7	2	2021	Spike	918	-0.000	Negative Charge to Non Polar	E to A	1	1.0
B.1.1.7	2	2021	Spike	925	-0.000	Polar to Polar	N to Y	1	1.0
B.1.1.7	2	2021	Spike	634	-0.000	Positive Charge to Positive Charge	R to H	1	1.0
B.1.1.7	2	2021	Spike	54	-0.000	Non Polar to Non Polar	L to F	1	1.0
B.1.1.7	2	2021	Spike	178	-0.000	Negative Charge to Polar	D to N	1	1.0
B.1.1.7	2	2021	Spike	812	-0.000	Non Polar to Polar	P to S	1	1.0
B.1.1.7	2	2021	Spike	215	-0.000	Negative Charge to Polar	D to Y	1	1.0
B.1.1.7	2	2021	Spike	1219	-0.000	Non Polar to Non Polar	G to V	1	1.0
B.1.1.7	2	2021	Spike	1250	-0.000	Non Polar to Non Polar	C to F	2	1.0
B.1.1.7	2	2021	Spike	1020	-0.000	Non Polar to Polar	A to S	1	1.0
B.1.1.7	2	2021	Spike	792	-0.000	Non Polar to Non Polar	P to L	2	1.0
B.1.1.7	2	2021	Spike	1189	-0.000	Non Polar to Non Polar	V to I	1	1.0
B.1.1.7	2	2021	Spike	1237	-0.000	Non Polar to Non Polar	M to I	1	1.0
B.1.1.7	2	2021	Spike	1102	-0.000	Non Polar to Non Polar	W to F	1	1.0
B.1.1.7	2	2021	Spike	942	-0.000	Non Polar to Polar	A to S	1	1.0
B.1.1.7	2	2021	Spike	822	-0.000	Non Polar to Non Polar	L to I	1	1.0
B.1.1.7	2	2021	Spike	771	-0.000	Non Polar to Polar	A to S	1	1.0
B.1.1.7	2	2021	Spike	243	-0.000	Non Polar to Polar	A to S	1	1.0
B.1.1.7	2	2021	Spike	936	-0.000	Negative Charge to Polar	D to Y	1	1.0
B.1.1.7	2	2021	Spike	677	-0.000	Polar to Positive Charge	Q to H	1	1.0
B.1.1.7	2	2021	NSP6	106	0.104	Polar to 	S to del	72	0.9863013698630136
B.1.1.7	2	2021	NSP6	106	0.104	Polar to Polar	S to N	1	0.0136986301369863
B.1.1.7	2	2021	NSP6	107	-0.000	Non Polar to 	G to del	73	1.0
B.1.1.7	2	2021	NSP6	108	-0.000	Non Polar to 	F to del	73	1.0
B.1.1.7	2	2021	NSP6	51	-0.000	Non Polar to Non Polar	A to V	1	1.0
B.1.1.7	2	2021	NSP6	109	-0.000	Positive Charge to 	K to del	1	1.0
B.1.1.7	2	2021	N	203	-0.000	Positive Charge to Positive Charge	R to K	71	1.0
B.1.1.7	2	2021	N	204	-0.000	Non Polar to Positive Charge	G to R	71	1.0
B.1.1.7	2	2021	N	3	-0.000	Negative Charge to Non Polar	D to L	72	1.0
B.1.1.7	2	2021	N	235	-0.000	Polar to Non Polar	S to F	70	1.0
B.1.1.7	2	2021	N	256	-0.000	Positive Charge to Non Polar	K to M	1	1.0
B.1.1.7	2	2021	N	120	-0.000	Non Polar to Non Polar	G to V	1	1.0
B.1.1.7	2	2021	N	151	-0.000	Non Polar to Polar	P to S	1	1.0
B.1.1.7	2	2021	NSP12	227	-0.000	Non Polar to Non Polar	P to L	73	1.0
B.1.1.7	2	2021	NSP12	323	-0.000	Non Polar to Non Polar	P to L	73	1.0
B.1.1.7	2	2021	NSP12	299	-0.000	Non Polar to Non Polar	V to F	1	1.0
B.1.1.7	2	2021	NSP12	496	-0.000	Polar to Polar	N to T	1	1.0
B.1.1.7	2	2021	NSP15	193	-0.000	Polar to Non Polar	Y to F	1	1.0
B.1.1.7	2	2021	NSP15	161	-0.000	Polar to Non Polar	S to I	1	1.0
B.1.1.7	2	2021	NSP15	220	-0.000	Negative Charge to Negative Charge	E to D	1	1.0
B.1.1.7	2	2021	NSP15	205	-0.000	Non Polar to Non Polar	P to L	1	1.0
B.1.1.7	2	2021	NSP15	175	-0.000	Polar to Positive Charge	Q to H	1	1.0
B.1.1.7	2	2021	NSP15	287	-0.000	Polar to Non Polar	S to L	1	1.0
B.1.1.7	2	2021	NSP15	91	-0.000	Negative Charge to Polar	D to Y	2	1.0
B.1.1.7	2	2021	NSP9	35	-0.000	Polar to Non Polar	T to I	1	1.0
B.1.1.7	2	2021	NSP13	429	-0.000	Non Polar to Non Polar	M to I	1	1.0
B.1.1.7	2	2021	NSP13	275	-0.000	Polar to Positive Charge	Q to H	1	1.0
B.1.1.7	2	2021	NSP8	143	-0.000	Negative Charge to Polar	D to Y	1	1.0
B.1.1.7	2	2021	NSP8	169	-0.000	Non Polar to Non Polar	L to F	8	1.0
B.1.1.7	2	2021	E	73	-0.000	Non Polar to Non Polar	L to P	1	1.0
B.1.1.7	2	2021	E	20	-0.000	Non Polar to Non Polar	F to I	2	1.0
B.1.1.7	2	2021	NSP14	451	-0.000	Non Polar to Polar	P to S	10	1.0
B.1.1.7	2	2021	NSP14	14	-0.000	Non Polar to Non Polar	V to L	1	1.0
B.1.1.7	2	2021	NSP14	349	-0.000	Positive Charge to Polar	K to N	1	1.0
B.1.1.7	2	2021	NS3	59	-0.000	Non Polar to Non Polar	A to V	1	1.0
B.1.1.7	2	2021	NS3	223	-0.000	Polar to Non Polar	T to I	2	1.0
B.1.1.7	2	2021	NS3	224	-0.000	Non Polar to Non Polar	G to C	1	1.0
B.1.1.7	2	2021	NS3	33	-0.000	Non Polar to Polar	A to S	1	1.0
B.1.1.7	2	2021	NS3	32	-0.000	Polar to Non Polar	T to I	1	1.0
B.1.1.7	2	2021	NS3	97	-0.000	Non Polar to Non Polar	V to F	1	1.0
B.1.1.7	2	2021	NS3	187	-0.000	Non Polar to Polar	G to S	1	1.0
B.1.1.7	2	2021	NS3	24	-0.000	Polar to Non Polar	T to I	1	1.0
B.1.1.7	2	2021	NS3	125	-0.000	Non Polar to Non Polar	M to I	1	1.0
B.1.1.7	2	2021	NS3	36	-0.000	Non Polar to 	P to del	1	1.0
B.1.1.7	2	2021	NS3	45	-0.000	Non Polar to 	W to del	1	1.0
B.1.1.7	2	2021	NS3	46	-0.000	Non Polar to 	L to del	1	1.0
B.1.1.7	2	2021	NS3	44	-0.000	Non Polar to 	G to del	1	1.0
B.1.1.7	2	2021	NS3	38	-0.000	Polar to 	Q to del	1	1.0
B.1.1.7	2	2021	NS3	37	-0.000	Non Polar to 	I to del	1	1.0
B.1.1.7	2	2021	NS3	42	-0.000	Non Polar to 	P to del	1	1.0
B.1.1.7	2	2021	NS3	40	-0.000	Polar to 	S to del	1	1.0
B.1.1.7	2	2021	NS3	39	-0.000	Non Polar to 	A to del	1	1.0
B.1.1.7	2	2021	NS3	43	-0.000	Non Polar to 	F to del	1	1.0
B.1.1.7	2	2021	NS3	41	-0.000	Non Polar to 	L to del	1	1.0
B.1.1.7	2	2021	NS3	47	-0.000	Non Polar to 	I to del	1	1.0
B.1.1.7	2	2021	NS3	202	-0.000	Non Polar to Non Polar	V to L	1	1.0
B.1.1.7	2	2021	NSP2	306	-0.000	Non Polar to Polar	A to S	1	1.0
B.1.1.7	2	2021	NSP2	528	-0.000	Polar to Non Polar	T to I	2	1.0
B.1.1.7	2	2021	NSP2	305	-0.000	Polar to Non Polar	S to I	1	1.0
B.1.1.7	2	2021	NSP2	453	-0.000	Negative Charge to Negative Charge	E to D	1	1.0
B.1.1.7	2	2021	NSP2	378	-0.000	Polar to Non Polar	S to P	2	1.0
B.1.1.7	2	2021	NSP16	213	-0.000	Non Polar to Polar	G to N	1	1.0
B.1.1.7	2	2021	NSP16	35	-0.000	Polar to Non Polar	T to I	1	1.0
B.1.1.7	2	2021	NSP5	90	-0.000	Positive Charge to Positive Charge	K to R	1	1.0
B.1.1.7	2	2021	NSP5	184	-0.000	Non Polar to Non Polar	P to L	1	1.0
B.1.1.7	2	2021	NSP5	70	-0.000	Non Polar to Non Polar	A to V	2	1.0
B.1.1.7	2	2021	NSP1	27	-0.000	Non Polar to Non Polar	L to F	1	1.0
B.1.1.7	2	2021	NS7a	62	-0.000	Polar to Positive Charge	Q to H	1	1.0
B.1.1.7	2	2021	NS7a	38	-0.000	Non Polar to Non Polar	G to V	1	1.0
B.1.1.7	2	2021	NS7b	41	-0.000	Non Polar to Non Polar	C to F	1	1.0
B.1.1.7	2	2021	M	76	-0.000	Non Polar to Polar	I to T	1	1.0
B.1.1.7	2	2021	M	82	-0.000	Non Polar to Polar	I to T	1	1.0
B.1.1.7	2	2021	NSP10	4	-0.000	Non Polar to Polar	A to T	1	1.0
B.1.1.7	3	2021	NS8	27	-0.000	Polar to 	Q to stop	9	1.0
B.1.1.7	3	2021	NS8	68	-0.000	Positive Charge to 	K to stop	8	1.0
B.1.1.7	3	2021	NS8	52	-0.000	Positive Charge to Non Polar	R to I	9	1.0
B.1.1.7	3	2021	NS8	73	-0.000	Polar to Non Polar	Y to C	9	1.0
B.1.1.7	3	2021	NSP15	65	-0.000	Non Polar to Polar	P to S	1	1.0
B.1.1.7	3	2021	NSP3	183	-0.000	Polar to Non Polar	T to I	8	1.0
B.1.1.7	3	2021	NSP3	890	-0.000	Non Polar to Negative Charge	A to D	8	1.0
B.1.1.7	3	2021	NSP3	1441	-0.000	Non Polar to Non Polar	M to I	3	1.0
B.1.1.7	3	2021	NSP3	1412	-0.000	Non Polar to Polar	I to T	4	1.0
B.1.1.7	3	2021	Spike	716	-0.000	Polar to Non Polar	T to I	9	1.0
B.1.1.7	3	2021	Spike	570	-0.000	Non Polar to Negative Charge	A to D	9	1.0
B.1.1.7	3	2021	Spike	681	-0.000	Non Polar to Positive Charge	P to H	9	1.0
B.1.1.7	3	2021	Spike	1118	-0.000	Negative Charge to Positive Charge	D to H	9	1.0
B.1.1.7	3	2021	Spike	614	-0.000	Negative Charge to Non Polar	D to G	9	1.0
B.1.1.7	3	2021	Spike	982	-0.000	Polar to Non Polar	S to A	9	1.0
B.1.1.7	3	2021	Spike	69	-0.000	Positive Charge to 	H to del	6	1.0
B.1.1.7	3	2021	Spike	501	-0.000	Polar to Polar	N to Y	7	1.0
B.1.1.7	3	2021	Spike	70	-0.000	Non Polar to 	V to del	6	1.0
B.1.1.7	3	2021	Spike	879	-0.000	Non Polar to Non Polar	A to V	1	1.0
B.1.1.7	3	2021	Spike	654	-0.000	Negative Charge to Polar	E to Q	1	1.0
B.1.1.7	3	2021	Spike	144	-0.000	Polar to 	Y to del	5	1.0
B.1.1.7	3	2021	Spike	1219	-0.000	Non Polar to Non Polar	G to C	1	1.0
B.1.1.7	3	2021	Spike	1259	-0.000	Negative Charge to Polar	D to Y	1	1.0
B.1.1.7	3	2021	NSP6	106	-0.000	Polar to 	S to del	8	1.0
B.1.1.7	3	2021	NSP6	107	-0.000	Non Polar to 	G to del	8	1.0
B.1.1.7	3	2021	NSP6	108	-0.000	Non Polar to 	F to del	8	1.0
B.1.1.7	3	2021	NSP6	84	-0.000	Non Polar to Non Polar	V to A	1	1.0
B.1.1.7	3	2021	N	203	-0.000	Positive Charge to Positive Charge	R to K	9	1.0
B.1.1.7	3	2021	N	204	-0.000	Non Polar to Positive Charge	G to R	9	1.0
B.1.1.7	3	2021	N	3	-0.000	Negative Charge to Non Polar	D to L	9	1.0
B.1.1.7	3	2021	N	235	-0.000	Polar to Non Polar	S to F	9	1.0
B.1.1.7	3	2021	NSP12	227	-0.000	Non Polar to Non Polar	P to L	8	1.0
B.1.1.7	3	2021	NSP12	323	-0.000	Non Polar to Non Polar	P to L	8	1.0
B.1.1.7	3	2021	NSP12	554	-0.000	Non Polar to Non Polar	A to V	1	1.0
B.1.1.7	3	2021	NSP12	382	-0.000	Non Polar to Polar	A to T	1	1.0
B.1.1.7	3	2021	NSP5	225	-0.000	Polar to Non Polar	T to I	1	1.0
B.1.1.7	3	2021	NSP10	12	-0.000	Polar to Non Polar	T to I	1	1.0
B.1.1.7	3	2021	NSP1	2	-0.000	Negative Charge to Positive Charge	E to K	1	1.0
B.1.1.7	3	2021	NSP8	145	-0.000	Polar to Non Polar	T to I	1	1.0
B.1.1.7	3	2021	NSP14	139	-0.000	Positive Charge to Positive Charge	K to R	1	1.0
B.1.1.7	3	2021	NSP14	330	-0.000	Positive Charge to Polar	H to Y	1	1.0
B.1.1.7	3	2021	NSP13	245	-0.000	Positive Charge to Polar	H to Q	1	1.0
B.1.1.7	3	2021	NSP2	13	-0.000	Non Polar to Non Polar	P to L	1	1.0
B.1.1.7	4	2021	Spike	69	-0.000	Positive Charge to 	H to del	1	1.0
B.1.1.7	4	2021	Spike	716	-0.000	Polar to Non Polar	T to I	1	1.0
B.1.1.7	4	2021	Spike	570	-0.000	Non Polar to Negative Charge	A to D	1	1.0
B.1.1.7	4	2021	Spike	501	-0.000	Polar to Polar	N to Y	1	1.0
B.1.1.7	4	2021	Spike	681	-0.000	Non Polar to Positive Charge	P to H	1	1.0
B.1.1.7	4	2021	Spike	144	-0.000	Polar to 	Y to del	1	1.0
B.1.1.7	4	2021	Spike	448	-0.000	Polar to Polar	N to T	1	1.0
B.1.1.7	4	2021	Spike	1118	-0.000	Negative Charge to Positive Charge	D to H	1	1.0
B.1.1.7	4	2021	Spike	70	-0.000	Non Polar to 	V to del	1	1.0
B.1.1.7	4	2021	Spike	614	-0.000	Negative Charge to Non Polar	D to G	1	1.0
B.1.1.7	4	2021	Spike	982	-0.000	Polar to Non Polar	S to A	1	1.0
B.1.1.7	4	2021	NS8	27	-0.000	Polar to 	Q to stop	1	1.0
B.1.1.7	4	2021	NS8	68	-0.000	Positive Charge to 	K to stop	1	1.0
B.1.1.7	4	2021	NS8	102	-0.000	Non Polar to Non Polar	C to F	1	1.0
B.1.1.7	4	2021	NS8	52	-0.000	Positive Charge to Non Polar	R to I	1	1.0
B.1.1.7	4	2021	NS8	73	-0.000	Polar to Non Polar	Y to C	1	1.0
B.1.1.7	4	2021	NSP3	183	-0.000	Polar to Non Polar	T to I	1	1.0
B.1.1.7	4	2021	NSP3	1693	-0.000	Positive Charge to Positive Charge	K to R	1	1.0
B.1.1.7	4	2021	NSP3	1412	-0.000	Non Polar to Polar	I to T	1	1.0
B.1.1.7	4	2021	NSP3	822	-0.000	Non Polar to Non Polar	P to L	1	1.0
B.1.1.7	4	2021	NSP3	890	-0.000	Non Polar to Negative Charge	A to D	1	1.0
B.1.1.7	4	2021	NSP3	494	-0.000	Non Polar to Non Polar	M to I	1	1.0
B.1.1.7	4	2021	NSP6	106	-0.000	Polar to 	S to del	1	1.0
B.1.1.7	4	2021	NSP6	51	-0.000	Non Polar to Non Polar	A to V	1	1.0
B.1.1.7	4	2021	NSP6	107	-0.000	Non Polar to 	G to del	1	1.0
B.1.1.7	4	2021	NSP6	108	-0.000	Non Polar to 	F to del	1	1.0
B.1.1.7	4	2021	NSP6	143	-0.000	Non Polar to Non Polar	M to I	1	1.0
B.1.1.7	4	2021	N	203	-0.000	Positive Charge to Positive Charge	R to K	1	1.0
B.1.1.7	4	2021	N	204	-0.000	Non Polar to Positive Charge	G to R	1	1.0
B.1.1.7	4	2021	N	3	-0.000	Negative Charge to Non Polar	D to L	1	1.0
B.1.1.7	4	2021	N	235	-0.000	Polar to Non Polar	S to F	1	1.0
B.1.1.7	4	2021	NSP14	297	-0.000	Non Polar to Positive Charge	P to H	1	1.0
B.1.1.7	4	2021	NSP12	227	-0.000	Non Polar to Non Polar	P to L	1	1.0
B.1.1.7	4	2021	NSP12	323	-0.000	Non Polar to Non Polar	P to L	1	1.0
B.1.1.7	4	2021	NSP12	517	-0.000	Negative Charge to Positive Charge	D to H	1	1.0
B.1.1.7	4	2021	M	82	-0.000	Non Polar to Polar	I to T	1	1.0
B.1.1.7	4	2021	NSP13	484	-0.000	Non Polar to Non Polar	V to F	1	1.0
B.1.1.7	7	2021	Spike	69	-0.000	Positive Charge to 	H to del	5	1.0
B.1.1.7	7	2021	Spike	716	-0.000	Polar to Non Polar	T to I	4	1.0
B.1.1.7	7	2021	Spike	570	-0.000	Non Polar to Negative Charge	A to D	5	1.0
B.1.1.7	7	2021	Spike	501	-0.000	Polar to Polar	N to Y	4	1.0
B.1.1.7	7	2021	Spike	681	-0.000	Non Polar to Positive Charge	P to H	5	1.0
B.1.1.7	7	2021	Spike	144	-0.000	Polar to 	Y to del	5	1.0
B.1.1.7	7	2021	Spike	1118	-0.000	Negative Charge to Positive Charge	D to H	5	1.0
B.1.1.7	7	2021	Spike	70	-0.000	Non Polar to 	V to del	5	1.0
B.1.1.7	7	2021	Spike	614	-0.000	Negative Charge to Non Polar	D to G	5	1.0
B.1.1.7	7	2021	Spike	982	-0.000	Polar to Non Polar	S to A	5	1.0
B.1.1.7	7	2021	Spike	696	-0.000	Polar to Polar	T to S	1	1.0
B.1.1.7	7	2021	Spike	888	-0.000	Non Polar to Non Polar	F to L	1	1.0
B.1.1.7	7	2021	Spike	484	-0.000	Negative Charge to Positive Charge	E to K	1	1.0
B.1.1.7	7	2021	Spike	253	-0.000	Negative Charge to Non Polar	D to G	1	1.0
B.1.1.7	7	2021	Spike	477	-0.000	Polar to Polar	S to N	1	1.0
B.1.1.7	7	2021	NS8	27	-0.000	Polar to 	Q to stop	5	1.0
B.1.1.7	7	2021	NS8	68	-0.000	Positive Charge to 	K to stop	3	1.0
B.1.1.7	7	2021	NS8	52	-0.000	Positive Charge to Non Polar	R to I	5	1.0
B.1.1.7	7	2021	NS8	73	-0.000	Polar to Non Polar	Y to C	5	1.0
B.1.1.7	7	2021	NS8	32	-0.000	Non Polar to Non Polar	V to L	1	1.0
B.1.1.7	7	2021	NS8	31	-0.000	Polar to Positive Charge	Y to H	1	1.0
B.1.1.7	7	2021	NSP10	12	-0.000	Polar to Non Polar	T to I	1	1.0
B.1.1.7	7	2021	NSP3	183	-0.000	Polar to Non Polar	T to I	4	1.0
B.1.1.7	7	2021	NSP3	1412	-0.000	Non Polar to Polar	I to T	5	1.0
B.1.1.7	7	2021	NSP3	890	-0.000	Non Polar to Negative Charge	A to D	5	1.0
B.1.1.7	7	2021	NSP3	153	-0.000	Non Polar to Non Polar	P to L	1	1.0
B.1.1.7	7	2021	NSP3	43	-0.000	Polar to Non Polar	T to I	1	1.0
B.1.1.7	7	2021	NSP3	1625	-0.000	Non Polar to Positive Charge	G to R	1	1.0
B.1.1.7	7	2021	NSP3	1441	-0.000	Non Polar to Non Polar	M to I	1	1.0
B.1.1.7	7	2021	NSP3	1173	-0.000	Non Polar to Non Polar	V to I	1	1.0
B.1.1.7	7	2021	NSP6	106	-0.000	Polar to 	S to del	4	1.0
B.1.1.7	7	2021	NSP6	107	-0.000	Non Polar to 	G to del	4	1.0
B.1.1.7	7	2021	NSP6	108	-0.000	Non Polar to 	F to del	4	1.0
B.1.1.7	7	2021	NSP6	181	-0.000	Polar to Non Polar	T to I	1	1.0
B.1.1.7	7	2021	N	203	-0.000	Positive Charge to Positive Charge	R to K	4	1.0
B.1.1.7	7	2021	N	204	-0.000	Non Polar to Positive Charge	G to R	4	1.0
B.1.1.7	7	2021	N	3	-0.000	Negative Charge to Non Polar	D to L	5	1.0
B.1.1.7	7	2021	N	235	-0.000	Polar to Non Polar	S to F	5	1.0
B.1.1.7	7	2021	NSP4	129	-0.000	Non Polar to Non Polar	V to F	1	1.0
B.1.1.7	7	2021	NSP4	17	-0.000	Non Polar to Non Polar	F to L	1	1.0
B.1.1.7	7	2021	NSP12	323	-0.000	Non Polar to Non Polar	P to L	5	1.0
B.1.1.7	7	2021	NSP12	227	-0.000	Non Polar to Non Polar	P to L	1	1.0
B.1.1.7	7	2021	NSP12	614	-0.000	Non Polar to Non Polar	L to F	1	1.0
B.1.1.7	7	2021	NSP12	630	-0.000	Non Polar to Non Polar	L to F	1	1.0
B.1.1.7	7	2021	NS3	15	-0.000	Non Polar to Non Polar	L to F	1	1.0
B.1.1.7	7	2021	NS3	131	-0.000	Non Polar to Non Polar	W to C	1	1.0
B.1.1.7	7	2021	NSP13	460	-0.000	Positive Charge to Positive Charge	K to R	1	1.0
B.1.1.7	7	2021	NSP2	462	-0.000	Non Polar to Non Polar	L to F	1	1.0
B.1.1.7	7	2021	NSP2	4	-0.000	Positive Charge to Non Polar	R to C	1	1.0
B.1.1.7	7	2021	NSP14	394	-0.000	Non Polar to Non Polar	A to V	1	1.0
B.1.1.7	5	2021	Spike	69	-0.000	Positive Charge to 	H to del	1	1.0
B.1.1.7	5	2021	Spike	716	-0.000	Polar to Non Polar	T to I	1	1.0
B.1.1.7	5	2021	Spike	570	-0.000	Non Polar to Negative Charge	A to D	1	1.0
B.1.1.7	5	2021	Spike	501	-0.000	Polar to Polar	N to Y	1	1.0
B.1.1.7	5	2021	Spike	681	-0.000	Non Polar to Positive Charge	P to H	1	1.0
B.1.1.7	5	2021	Spike	144	-0.000	Polar to 	Y to del	1	1.0
B.1.1.7	5	2021	Spike	1118	-0.000	Negative Charge to Positive Charge	D to H	1	1.0
B.1.1.7	5	2021	Spike	70	-0.000	Non Polar to 	V to del	1	1.0
B.1.1.7	5	2021	Spike	614	-0.000	Negative Charge to Non Polar	D to G	1	1.0
B.1.1.7	5	2021	Spike	982	-0.000	Polar to Non Polar	S to A	1	1.0
B.1.1.7	5	2021	NS8	27	-0.000	Polar to 	Q to stop	1	1.0
B.1.1.7	5	2021	NS8	68	-0.000	Positive Charge to 	K to stop	1	1.0
B.1.1.7	5	2021	NS8	52	-0.000	Positive Charge to Non Polar	R to I	1	1.0
B.1.1.7	5	2021	NS8	73	-0.000	Polar to Non Polar	Y to C	1	1.0
B.1.1.7	5	2021	NSP3	183	-0.000	Polar to Non Polar	T to I	1	1.0
B.1.1.7	5	2021	NSP3	370	-0.000	Polar to Non Polar	S to P	1	1.0
B.1.1.7	5	2021	NSP3	1412	-0.000	Non Polar to Polar	I to T	1	1.0
B.1.1.7	5	2021	NSP3	890	-0.000	Non Polar to Negative Charge	A to D	1	1.0
B.1.1.7	5	2021	NSP6	106	-0.000	Polar to 	S to del	1	1.0
B.1.1.7	5	2021	NSP6	107	-0.000	Non Polar to 	G to del	1	1.0
B.1.1.7	5	2021	NSP6	108	-0.000	Non Polar to 	F to del	1	1.0
B.1.1.7	5	2021	N	203	-0.000	Positive Charge to Positive Charge	R to K	1	1.0
B.1.1.7	5	2021	N	204	-0.000	Non Polar to Positive Charge	G to R	1	1.0
B.1.1.7	5	2021	N	3	-0.000	Negative Charge to Non Polar	D to L	1	1.0
B.1.1.7	5	2021	N	235	-0.000	Polar to Non Polar	S to F	1	1.0
B.1.1.7	5	2021	NSP12	323	-0.000	Non Polar to Non Polar	P to L	1	1.0
B.1.1.7	5	2021	NSP5	90	-0.000	Positive Charge to Positive Charge	K to R	1	1.0
B.1.351	2	2021	Spike	215	-0.000	Negative Charge to Non Polar	D to G	1	1.0
B.1.351	2	2021	Spike	417	-0.000	Positive Charge to Polar	K to N	1	1.0
B.1.351	2	2021	Spike	244	-0.000	Non Polar to 	L to del	1	1.0
B.1.351	2	2021	Spike	242	-0.000	Non Polar to 	L to del	1	1.0
B.1.351	2	2021	Spike	701	-0.000	Non Polar to Non Polar	A to V	1	1.0
B.1.351	2	2021	Spike	80	-0.000	Negative Charge to Non Polar	D to A	1	1.0
B.1.351	2	2021	Spike	614	-0.000	Negative Charge to Non Polar	D to G	1	1.0
B.1.351	2	2021	Spike	243	-0.000	Non Polar to 	A to del	1	1.0
B.1.351	2	2021	E	71	-0.000	Non Polar to Non Polar	P to L	1	1.0
B.1.351	2	2021	NSP6	107	-0.000	Non Polar to 	G to del	1	1.0
B.1.351	2	2021	NSP6	106	-0.000	Polar to 	S to del	1	1.0
B.1.351	2	2021	NSP6	108	-0.000	Non Polar to 	F to del	1	1.0
B.1.351	2	2021	NS3	57	-0.000	Polar to Positive Charge	Q to H	1	1.0
B.1.351	2	2021	NS3	171	-0.000	Polar to Non Polar	S to L	1	1.0
B.1.351	2	2021	NSP12	161	-0.000	Negative Charge to Polar	D to N	1	1.0
B.1.351	2	2021	NSP12	323	-0.000	Non Polar to Non Polar	P to L	1	1.0
B.1.351	2	2021	NSP2	85	-0.000	Polar to Non Polar	T to I	1	1.0
B.1.351	2	2021	NSP5	90	-0.000	Positive Charge to Positive Charge	K to R	1	1.0
B.1.351	7	2021	NSP3	1251	-0.000	Polar to Non Polar	T to I	1	1.0
B.1.351	7	2021	NSP3	837	-0.000	Positive Charge to Polar	K to N	1	1.0
B.1.351	7	2021	E	71	-0.000	Non Polar to Non Polar	P to L	1	1.0
B.1.351	7	2021	Spike	417	-0.000	Positive Charge to Polar	K to N	1	1.0
B.1.351	7	2021	Spike	484	-0.000	Negative Charge to Positive Charge	E to K	1	1.0
B.1.351	7	2021	Spike	701	-0.000	Non Polar to Non Polar	A to V	1	1.0
B.1.351	7	2021	Spike	501	-0.000	Polar to Polar	N to Y	1	1.0
B.1.351	7	2021	Spike	243	-0.000	Non Polar to 	A to del	1	1.0
B.1.351	7	2021	Spike	215	-0.000	Negative Charge to Non Polar	D to G	1	1.0
B.1.351	7	2021	Spike	244	-0.000	Non Polar to 	L to del	1	1.0
B.1.351	7	2021	Spike	242	-0.000	Non Polar to 	L to del	1	1.0
B.1.351	7	2021	Spike	80	-0.000	Negative Charge to Non Polar	D to A	1	1.0
B.1.351	7	2021	Spike	614	-0.000	Negative Charge to Non Polar	D to G	1	1.0
B.1.351	7	2021	NS8	121	-0.000	Non Polar to Non Polar	I to L	1	1.0
B.1.351	7	2021	NSP6	106	-0.000	Polar to 	S to del	1	1.0
B.1.351	7	2021	NSP6	107	-0.000	Non Polar to 	G to del	1	1.0
B.1.351	7	2021	NSP6	108	-0.000	Non Polar to 	F to del	1	1.0
B.1.351	7	2021	NSP12	671	-0.000	Non Polar to Non Polar	G to V	1	1.0
B.1.351	7	2021	NSP12	323	-0.000	Non Polar to Non Polar	P to L	1	1.0
B.1.351	7	2021	N	205	-0.000	Polar to Non Polar	T to I	1	1.0
B.1.351	7	2021	NS3	57	-0.000	Polar to Positive Charge	Q to H	1	1.0
B.1.351	7	2021	NS3	171	-0.000	Polar to Non Polar	S to L	1	1.0
B.1.351	7	2021	NSP2	85	-0.000	Polar to Non Polar	T to I	1	1.0
B.1.351	7	2021	NSP5	90	-0.000	Positive Charge to Positive Charge	K to R	1	1.0
B.1.351	7	2021	NSP13	588	-0.000	Polar to Non Polar	T to I	1	1.0
B.1.617.2	6	2021	N	215	-0.000	Non Polar to Non Polar	G to C	2	1.0
B.1.617.2	6	2021	N	63	-0.000	Negative Charge to Non Polar	D to G	3	1.0
B.1.617.2	6	2021	N	203	-0.000	Positive Charge to Non Polar	R to M	2	1.0
B.1.617.2	6	2021	N	377	-0.000	Negative Charge to Polar	D to Y	3	1.0
B.1.617.2	6	2021	NSP12	671	-0.000	Non Polar to Polar	G to S	3	1.0
B.1.617.2	6	2021	NSP12	466	-0.000	Non Polar to Non Polar	I to V	2	1.0
B.1.617.2	6	2021	NSP12	323	-0.000	Non Polar to Non Polar	P to L	3	1.0
B.1.617.2	6	2021	NSP12	730	-0.000	Non Polar to Positive Charge	C to R	1	1.0
B.1.617.2	6	2021	Spike	142	-0.000	Non Polar to Negative Charge	G to D	1	1.0
B.1.617.2	6	2021	Spike	681	-0.000	Non Polar to Positive Charge	P to R	4	1.0
B.1.617.2	6	2021	Spike	158	-0.000	Positive Charge to 	R to del	3	1.0
B.1.617.2	6	2021	Spike	157	-0.000	Non Polar to 	F to del	3	1.0
B.1.617.2	6	2021	Spike	19	-0.000	Polar to Positive Charge	T to R	3	1.0
B.1.617.2	6	2021	Spike	950	-0.000	Negative Charge to Polar	D to N	3	1.0
B.1.617.2	6	2021	Spike	156	-0.000	Negative Charge to Non Polar	E to G	3	1.0
B.1.617.2	6	2021	Spike	478	-0.000	Polar to Positive Charge	T to K	3	1.0
B.1.617.2	6	2021	Spike	614	-0.000	Negative Charge to Non Polar	D to G	4	1.0
B.1.617.2	6	2021	Spike	452	-0.000	Non Polar to Positive Charge	L to R	4	1.0
B.1.617.2	6	2021	Spike	69	-0.000	Positive Charge to 	H to del	1	1.0
B.1.617.2	6	2021	Spike	67	-0.000	Non Polar to Non Polar	A to V	1	1.0
B.1.617.2	6	2021	Spike	52	-0.000	Polar to Positive Charge	Q to R	1	1.0
B.1.617.2	6	2021	Spike	144	-0.000	Polar to 	Y to del	1	1.0
B.1.617.2	6	2021	Spike	70	-0.000	Non Polar to 	V to del	1	1.0
B.1.617.2	6	2021	Spike	1104	-0.000	Non Polar to Non Polar	V to L	1	1.0
B.1.617.2	6	2021	Spike	222	-0.000	Non Polar to Non Polar	A to V	1	1.0
B.1.617.2	6	2021	NS3	26	-0.000	Polar to Non Polar	S to L	3	1.0
B.1.617.2	6	2021	NSP3	1228	-0.000	Non Polar to Non Polar	P to L	2	1.0
B.1.617.2	6	2021	NSP3	488	-0.000	Non Polar to Polar	A to S	3	1.0
B.1.617.2	6	2021	NSP3	1469	-0.000	Non Polar to Polar	P to S	3	1.0
B.1.617.2	6	2021	NSP3	534	-0.000	Non Polar to Non Polar	A to V	1	1.0
B.1.617.2	6	2021	NSP3	1189	-0.000	Polar to Non Polar	T to I	1	1.0
B.1.617.2	6	2021	NSP3	822	-0.000	Non Polar to Non Polar	P to L	1	1.0
B.1.617.2	6	2021	NSP3	474	-0.000	Polar to Positive Charge	Q to R	1	1.0
B.1.617.2	6	2021	NS8	69	-0.000	Polar to Non Polar	S to P	1	1.0
B.1.617.2	6	2021	NS8	76	-0.000	Non Polar to Polar	I to T	1	1.0
B.1.617.2	6	2021	NS7a	82	-0.000	Non Polar to Non Polar	V to A	2	1.0
B.1.617.2	6	2021	NS7a	120	-0.000	Polar to Non Polar	T to I	3	1.0
B.1.617.2	6	2021	NS7a	42	-0.000	Non Polar to Polar	G to S	2	1.0
B.1.617.2	6	2021	NS7a	81	-0.000	Polar to Non Polar	S to P	1	1.0
B.1.617.2	6	2021	NSP4	492	-0.000	Polar to Non Polar	T to I	2	1.0
B.1.617.2	6	2021	NSP4	167	-0.000	Non Polar to Non Polar	V to L	3	1.0
B.1.617.2	6	2021	NSP4	446	-0.000	Non Polar to Non Polar	A to V	1	1.0
B.1.617.2	6	2021	NSP14	394	-0.000	Non Polar to Non Polar	A to V	2	1.0
B.1.617.2	6	2021	NSP14	14	-0.000	Non Polar to Non Polar	V to L	1	1.0
B.1.617.2	6	2021	M	82	-0.000	Non Polar to Polar	I to T	4	1.0
B.1.617.2	6	2021	NS7b	40	-0.000	Polar to Non Polar	T to I	3	1.0
B.1.617.2	6	2021	NSP13	77	-0.000	Non Polar to Non Polar	P to L	4	1.0
B.1.617.2	6	2021	NSP6	77	-0.000	Polar to Non Polar	T to A	1	1.0
B.1.617.2	6	2021	NSP6	208	-0.000	Polar to Positive Charge	Q to R	2	1.0
B.1.617.2	6	2021	NSP6	106	-0.000	Polar to 	S to del	1	1.0
B.1.617.2	6	2021	NSP6	107	-0.000	Non Polar to 	G to del	1	1.0
B.1.617.2	6	2021	NSP6	108	-0.000	Non Polar to 	F to del	1	1.0
B.1.617.2	6	2021	NSP6	181	-0.000	Polar to Non Polar	T to I	1	1.0
B.1.617.2	6	2021	NSP6	149	-0.000	Non Polar to Non Polar	V to A	1	1.0
B.1.617.2	6	2021	NSP15	331	-0.000	Non Polar to Non Polar	L to F	1	1.0
B.1.617.2	6	2021	NSP2	175	-0.000	Polar to Polar	T to N	1	1.0
B.1.617.2	7	2021	N	215	-0.000	Non Polar to Non Polar	G to C	32	1.0
B.1.617.2	7	2021	N	63	-0.000	Negative Charge to Non Polar	D to G	41	1.0
B.1.617.2	7	2021	N	203	-0.000	Positive Charge to Non Polar	R to M	45	1.0
B.1.617.2	7	2021	N	377	-0.000	Negative Charge to Polar	D to Y	46	1.0
B.1.617.2	7	2021	N	385	-0.000	Positive Charge to Positive Charge	R to K	3	1.0
B.1.617.2	7	2021	N	138	-0.000	Non Polar to Polar	A to S	1	1.0
B.1.617.2	7	2021	Spike	69	-0.000	Positive Charge to 	H to del	11	1.0
B.1.617.2	7	2021	Spike	67	-0.000	Non Polar to Non Polar	A to V	10	1.0
B.1.617.2	7	2021	Spike	681	-0.000	Non Polar to Positive Charge	P to R	47	1.0
B.1.617.2	7	2021	Spike	144	-0.000	Polar to 	Y to del	11	1.0
B.1.617.2	7	2021	Spike	70	-0.000	Non Polar to 	V to del	11	1.0
B.1.617.2	7	2021	Spike	614	-0.000	Negative Charge to Non Polar	D to G	47	1.0
B.1.617.2	7	2021	Spike	52	-0.000	Polar to Positive Charge	Q to R	5	1.0
B.1.617.2	7	2021	Spike	950	0.675	Negative Charge to Polar	D to N	37	0.8222222222222222
B.1.617.2	7	2021	Spike	950	0.675	Negative Charge to 	D to B	8	0.17777777777777778
B.1.617.2	7	2021	Spike	478	-0.000	Polar to Positive Charge	T to K	39	1.0
B.1.617.2	7	2021	Spike	452	-0.000	Non Polar to Positive Charge	L to R	41	1.0
B.1.617.2	7	2021	Spike	401	-0.000	Non Polar to Non Polar	V to L	1	1.0
B.1.617.2	7	2021	Spike	158	-0.000	Positive Charge to 	R to del	39	1.0
B.1.617.2	7	2021	Spike	157	-0.000	Non Polar to 	F to del	39	1.0
B.1.617.2	7	2021	Spike	19	-0.000	Polar to Positive Charge	T to R	41	1.0
B.1.617.2	7	2021	Spike	156	-0.000	Negative Charge to Non Polar	E to G	39	1.0
B.1.617.2	7	2021	Spike	95	-0.000	Polar to Non Polar	T to I	8	1.0
B.1.617.2	7	2021	Spike	142	-0.000	Non Polar to Negative Charge	G to D	2	1.0
B.1.617.2	7	2021	Spike	499	-0.000	Non Polar to Polar	P to S	6	1.0
B.1.617.2	7	2021	Spike	274	-0.000	Polar to Polar	T to N	1	1.0
B.1.617.2	7	2021	Spike	152	-0.000	Non Polar to Positive Charge	W to R	1	1.0
B.1.617.2	7	2021	Spike	1090	-0.000	Non Polar to Non Polar	P to L	1	1.0
B.1.617.2	7	2021	Spike	5	-0.000	Non Polar to Non Polar	L to F	1	1.0
B.1.617.2	7	2021	NSP12	671	-0.000	Non Polar to Polar	G to S	47	1.0
B.1.617.2	7	2021	NSP12	466	-0.000	Non Polar to Non Polar	I to V	13	1.0
B.1.617.2	7	2021	NSP12	323	-0.000	Non Polar to Non Polar	P to L	42	1.0
B.1.617.2	7	2021	NSP12	740	-0.000	Negative Charge to Polar	D to N	2	1.0
B.1.617.2	7	2021	NSP12	521	-0.000	Polar to Non Polar	Y to C	1	1.0
B.1.617.2	7	2021	NSP12	803	-0.000	Polar to Non Polar	T to I	1	1.0
B.1.617.2	7	2021	NSP12	158	-0.000	Polar to Polar	N to T	1	1.0
B.1.617.2	7	2021	NSP12	124	-0.000	Non Polar to Non Polar	M to I	1	1.0
B.1.617.2	7	2021	NSP12	140	-0.000	Negative Charge to Polar	D to Y	1	1.0
B.1.617.2	7	2021	NSP12	721	-0.000	Positive Charge to Non Polar	R to C	1	1.0
B.1.617.2	7	2021	NS3	26	-0.000	Polar to Non Polar	S to L	41	1.0
B.1.617.2	7	2021	NS3	88	-0.000	Non Polar to Non Polar	V to L	1	1.0
B.1.617.2	7	2021	NS3	37	-0.000	Non Polar to Non Polar	I to V	1	1.0
B.1.617.2	7	2021	NS3	223	-0.000	Polar to Non Polar	T to I	1	1.0
B.1.617.2	7	2021	NS3	42	-0.000	Non Polar to Polar	P to S	1	1.0
B.1.617.2	7	2021	NS3	100	-0.000	Non Polar to Polar	G to S	1	1.0
B.1.617.2	7	2021	NSP3	488	-0.000	Non Polar to Polar	A to S	30	1.0
B.1.617.2	7	2021	NSP3	238	-0.000	Non Polar to Non Polar	V to M	8	1.0
B.1.617.2	7	2021	NSP3	1228	-0.000	Non Polar to Non Polar	P to L	28	1.0
B.1.617.2	7	2021	NSP3	1469	-0.000	Non Polar to Polar	P to S	27	1.0
B.1.617.2	7	2021	NSP3	1215	-0.000	Non Polar to Polar	A to S	2	1.0
B.1.617.2	7	2021	NSP3	1694	-0.000	Polar to Non Polar	T to I	3	1.0
B.1.617.2	7	2021	NSP3	1314	-0.000	Polar to Non Polar	S to G	1	1.0
B.1.617.2	7	2021	NSP3	822	-0.000	Non Polar to Non Polar	P to L	11	1.0
B.1.617.2	7	2021	NSP3	983	-0.000	Negative Charge to Negative Charge	E to D	2	1.0
B.1.617.2	7	2021	NSP3	273	-0.000	Non Polar to Non Polar	I to V	15	1.0
B.1.617.2	7	2021	NSP3	1403	-0.000	Non Polar to Polar	P to T	1	1.0
B.1.617.2	7	2021	NSP3	1243	-0.000	Non Polar to Non Polar	V to F	1	1.0
B.1.617.2	7	2021	NSP3	1274	-0.000	Positive Charge to Polar	H to Y	3	1.0
B.1.617.2	7	2021	NSP3	1658	-0.000	Polar to Positive Charge	Q to H	1	1.0
B.1.617.2	7	2021	NSP3	109	-0.000	Non Polar to Non Polar	P to L	1	1.0
B.1.617.2	7	2021	NSP3	1138	-0.000	Positive Charge to Polar	K to N	1	1.0
B.1.617.2	7	2021	NSP3	153	-0.000	Non Polar to Polar	P to S	1	1.0
B.1.617.2	7	2021	NSP3	1127	-0.000	Polar to Non Polar	T to I	1	1.0
B.1.617.2	7	2021	NSP3	308	-0.000	Negative Charge to Negative Charge	E to D	1	1.0
B.1.617.2	7	2021	NSP4	492	-0.000	Polar to Non Polar	T to I	32	1.0
B.1.617.2	7	2021	NSP4	481	-0.000	Polar to Non Polar	S to L	2	1.0
B.1.617.2	7	2021	NSP4	446	-0.000	Non Polar to Non Polar	A to V	15	1.0
B.1.617.2	7	2021	NSP4	167	-0.000	Non Polar to Non Polar	V to L	26	1.0
B.1.617.2	7	2021	NSP4	33	-0.000	Non Polar to Non Polar	M to I	2	1.0
B.1.617.2	7	2021	NSP4	105	-0.000	Non Polar to Polar	G to S	1	1.0
B.1.617.2	7	2021	NSP14	394	-0.000	Non Polar to Non Polar	A to V	32	1.0
B.1.617.2	7	2021	NSP14	46	-0.000	Non Polar to Non Polar	P to L	12	1.0
B.1.617.2	7	2021	NSP14	157	-0.000	Non Polar to Non Polar	L to F	1	1.0
B.1.617.2	7	2021	NSP14	119	-0.000	Non Polar to Non Polar	A to V	1	1.0
B.1.617.2	7	2021	NSP14	455	-0.000	Positive Charge to Polar	H to Y	2	1.0
B.1.617.2	7	2021	NSP14	145	-0.000	Polar to Positive Charge	Q to K	1	1.0
B.1.617.2	7	2021	M	82	-0.000	Non Polar to Polar	I to T	47	1.0
B.1.617.2	7	2021	M	2	-0.000	Non Polar to Polar	A to S	2	1.0
B.1.617.2	7	2021	M	123	-0.000	Non Polar to Polar	P to S	1	1.0
B.1.617.2	7	2021	NS7b	40	-0.000	Polar to Non Polar	T to I	32	1.0
B.1.617.2	7	2021	NS7b	32	-0.000	Non Polar to Non Polar	L to V	1	1.0
B.1.617.2	7	2021	NS7b	33	-0.000	Negative Charge to 	E to stop	2	1.0
B.1.617.2	7	2021	NSP13	77	-0.000	Non Polar to Non Polar	P to L	46	1.0
B.1.617.2	7	2021	NSP13	350	-0.000	Polar to Non Polar	S to L	3	1.0
B.1.617.2	7	2021	NSP6	77	-0.000	Polar to Non Polar	T to A	31	1.0
B.1.617.2	7	2021	NSP6	208	-0.000	Polar to Positive Charge	Q to R	13	1.0
B.1.617.2	7	2021	NSP6	227	-0.000	Non Polar to Non Polar	L to F	2	1.0
B.1.617.2	7	2021	NSP6	149	-0.000	Non Polar to Non Polar	V to A	15	1.0
B.1.617.2	7	2021	NSP6	196	-0.000	Polar to Non Polar	Y to C	6	1.0
B.1.617.2	7	2021	NSP6	37	-0.000	Non Polar to Non Polar	L to F	7	1.0
B.1.617.2	7	2021	NSP6	56	-0.000	Non Polar to Non Polar	A to V	1	1.0
B.1.617.2	7	2021	NSP15	320	-0.000	Non Polar to Non Polar	V to L	8	1.0
B.1.617.2	7	2021	NSP15	146	-0.000	Non Polar to Non Polar	G to V	3	1.0
B.1.617.2	7	2021	NSP15	252	-0.000	Non Polar to Non Polar	I to V	2	1.0
B.1.617.2	7	2021	NSP15	286	-0.000	Non Polar to Polar	G to S	4	1.0
B.1.617.2	7	2021	NSP15	261	-0.000	Polar to Non Polar	S to L	2	1.0
B.1.617.2	7	2021	NSP15	128	-0.000	Negative Charge to Polar	D to Y	1	1.0
B.1.617.2	7	2021	NSP15	48	-0.000	Polar to Non Polar	T to I	2	1.0
B.1.617.2	7	2021	NSP15	262	-0.000	Non Polar to Non Polar	P to L	2	1.0
B.1.617.2	7	2021	NSP15	234	-0.000	Positive Charge to Polar	H to Y	3	1.0
B.1.617.2	7	2021	NSP15	186	-0.000	Non Polar to Non Polar	V to A	1	1.0
B.1.617.2	7	2021	NSP2	129	-0.000	Non Polar to Non Polar	P to L	15	1.0
B.1.617.2	7	2021	NSP2	85	-0.000	Polar to Non Polar	T to I	1	1.0
B.1.617.2	7	2021	NSP2	22	-0.000	Positive Charge to Positive Charge	K to R	1	1.0
B.1.617.2	7	2021	NS7a	82	-0.000	Non Polar to Non Polar	V to A	35	1.0
B.1.617.2	7	2021	NS7a	120	-0.000	Polar to Non Polar	T to I	37	1.0
B.1.617.2	7	2021	NS7a	116	-0.000	Non Polar to Non Polar	L to F	11	1.0
B.1.617.2	7	2021	NS7a	61	-0.000	Polar to Non Polar	T to I	1	1.0
B.1.617.2	7	2021	NS7a	11	-0.000	Polar to Non Polar	T to I	1	1.0
B.1.617.2	7	2021	NS7a	8	-0.000	Non Polar to Non Polar	A to V	1	1.0
B.1.617.2	7	2021	NSP16	234	-0.000	Polar to Non Polar	T to A	1	1.0
B.1.617.2	7	2021	NSP16	34	-0.000	Non Polar to Non Polar	A to V	2	1.0
B.1.617.2	7	2021	NSP5	243	-0.000	Polar to Non Polar	T to I	2	1.0
B.1.617.2	8	2021	NSP12	671	-0.000	Non Polar to Polar	G to S	66	1.0
B.1.617.2	8	2021	NSP12	730	-0.000	Non Polar to Positive Charge	C to R	5	1.0
B.1.617.2	8	2021	NSP12	466	-0.000	Non Polar to Non Polar	I to V	20	1.0
B.1.617.2	8	2021	NSP12	72	-0.000	Non Polar to Non Polar	V to I	7	1.0
B.1.617.2	8	2021	NSP12	323	-0.000	Non Polar to Non Polar	P to L	57	1.0
B.1.617.2	8	2021	NSP12	95	-0.000	Non Polar to Non Polar	A to V	1	1.0
B.1.617.2	8	2021	NSP12	320	-0.000	Non Polar to Non Polar	V to L	1	1.0
B.1.617.2	8	2021	NSP12	797	-0.000	Non Polar to Polar	A to T	1	1.0
B.1.617.2	8	2021	NSP2	339	-0.000	Non Polar to Polar	G to S	1	1.0
B.1.617.2	8	2021	NSP2	487	-0.000	Non Polar to Non Polar	C to F	1	1.0
B.1.617.2	8	2021	NSP2	591	-0.000	Polar to Polar	S to N	1	1.0
B.1.617.2	8	2021	NSP2	129	-0.000	Non Polar to Non Polar	P to L	1	1.0
B.1.617.2	8	2021	NSP2	39	-0.000	Non Polar to Polar	L to Q	1	1.0
B.1.617.2	8	2021	NSP2	413	-0.000	Polar to Polar	N to T	1	1.0
B.1.617.2	8	2021	NSP2	547	-0.000	Polar to Non Polar	T to I	1	1.0
B.1.617.2	8	2021	NSP2	191	-0.000	Non Polar to Polar	P to S	3	1.0
B.1.617.2	8	2021	NSP2	513	-0.000	Non Polar to Non Polar	I to V	1	1.0
B.1.617.2	8	2021	NSP2	226	-0.000	Non Polar to Polar	F to Y	1	1.0
B.1.617.2	8	2021	NSP2	248	-0.000	Polar to Non Polar	S to G	1	1.0
B.1.617.2	8	2021	NSP2	155	-0.000	Negative Charge to Polar	D to Y	1	1.0
B.1.617.2	8	2021	NSP2	380	-0.000	Positive Charge to Non Polar	R to C	1	1.0
B.1.617.2	8	2021	NS3	26	-0.000	Polar to Non Polar	S to L	61	1.0
B.1.617.2	8	2021	NS3	223	-0.000	Polar to Non Polar	T to I	2	1.0
B.1.617.2	8	2021	NS3	44	-0.000	Non Polar to Non Polar	G to V	1	1.0
B.1.617.2	8	2021	NS3	201	-0.000	Non Polar to Non Polar	V to I	1	1.0
B.1.617.2	8	2021	NS3	49	-0.000	Non Polar to Polar	G to S	1	1.0
B.1.617.2	8	2021	NS3	99	-0.000	Non Polar to Polar	A to S	1	1.0
B.1.617.2	8	2021	NS3	131	-0.000	Non Polar to Non Polar	W to C	2	1.0
B.1.617.2	8	2021	NS3	32	-0.000	Polar to Non Polar	T to I	1	1.0
B.1.617.2	8	2021	NS3	231	-0.000	Non Polar to Non Polar	F to I	1	1.0
B.1.617.2	8	2021	NS3	25	-0.000	Non Polar to Polar	P to S	1	1.0
B.1.617.2	8	2021	Spike	681	-0.000	Non Polar to Positive Charge	P to R	63	1.0
B.1.617.2	8	2021	Spike	950	0.772	Negative Charge to Polar	D to N	41	0.7735849056603774
B.1.617.2	8	2021	Spike	950	0.772	Negative Charge to 	D to B	12	0.22641509433962265
B.1.617.2	8	2021	Spike	478	-0.000	Polar to Positive Charge	T to K	60	1.0
B.1.617.2	8	2021	Spike	614	-0.000	Negative Charge to Non Polar	D to G	66	1.0
B.1.617.2	8	2021	Spike	1104	-0.000	Non Polar to Non Polar	V to L	5	1.0
B.1.617.2	8	2021	Spike	452	-0.000	Non Polar to Positive Charge	L to R	65	1.0
B.1.617.2	8	2021	Spike	158	-0.000	Positive Charge to 	R to del	60	1.0
B.1.617.2	8	2021	Spike	157	-0.000	Non Polar to 	F to del	60	1.0
B.1.617.2	8	2021	Spike	19	-0.000	Polar to Positive Charge	T to R	64	1.0
B.1.617.2	8	2021	Spike	156	-0.000	Negative Charge to Non Polar	E to G	60	1.0
B.1.617.2	8	2021	Spike	494	-0.000	Polar to Non Polar	S to L	1	1.0
B.1.617.2	8	2021	Spike	444	-0.000	Positive Charge to Negative Charge	K to E	1	1.0
B.1.617.2	8	2021	Spike	95	-0.000	Polar to Non Polar	T to I	17	1.0
B.1.617.2	8	2021	Spike	780	-0.000	Negative Charge to Polar	E to Q	2	1.0
B.1.617.2	8	2021	Spike	446	-0.000	Non Polar to Non Polar	G to V	1	1.0
B.1.617.2	8	2021	Spike	490	-0.000	Non Polar to Non Polar	F to L	1	1.0
B.1.617.2	8	2021	Spike	34	-0.000	Positive Charge to Non Polar	R to L	1	1.0
B.1.617.2	8	2021	Spike	846	-0.000	Non Polar to Non Polar	A to V	1	1.0
B.1.617.2	8	2021	Spike	276	-0.000	Non Polar to Non Polar	L to I	1	1.0
B.1.617.2	8	2021	Spike	936	-0.000	Negative Charge to Positive Charge	D to H	1	1.0
B.1.617.2	8	2021	Spike	812	-0.000	Non Polar to Non Polar	P to L	1	1.0
B.1.617.2	8	2021	Spike	147	-0.000	Positive Charge to Polar	K to N	1	1.0
B.1.617.2	8	2021	Spike	1139	-0.000	Negative Charge to Polar	D to N	1	1.0
B.1.617.2	8	2021	Spike	655	-0.000	Positive Charge to Polar	H to Y	1	1.0
B.1.617.2	8	2021	Spike	503	-0.000	Non Polar to Non Polar	V to I	1	1.0
B.1.617.2	8	2021	Spike	246	-0.000	Positive Charge to Non Polar	R to I	1	1.0
B.1.617.2	8	2021	Spike	144	-0.000	Polar to 	Y to del	1	1.0
B.1.617.2	8	2021	NSP3	1228	-0.000	Non Polar to Non Polar	P to L	64	1.0
B.1.617.2	8	2021	NSP3	488	-0.000	Non Polar to Polar	A to S	65	1.0
B.1.617.2	8	2021	NSP3	1469	-0.000	Non Polar to Polar	P to S	60	1.0
B.1.617.2	8	2021	NSP3	238	-0.000	Non Polar to Non Polar	V to M	5	1.0
B.1.617.2	8	2021	NSP3	1694	-0.000	Polar to Non Polar	T to I	4	1.0
B.1.617.2	8	2021	NSP3	273	-0.000	Non Polar to Non Polar	I to V	38	1.0
B.1.617.2	8	2021	NSP3	109	-0.000	Non Polar to Non Polar	P to L	7	1.0
B.1.617.2	8	2021	NSP3	1148	-0.000	Negative Charge to Polar	D to N	1	1.0
B.1.617.2	8	2021	NSP3	1274	-0.000	Positive Charge to Polar	H to Y	2	1.0
B.1.617.2	8	2021	NSP3	822	-0.000	Non Polar to Non Polar	P to L	1	1.0
B.1.617.2	8	2021	NSP3	1307	-0.000	Positive Charge to Negative Charge	H to D	1	1.0
B.1.617.2	8	2021	NSP3	260	-0.000	Non Polar to Polar	A to T	1	1.0
B.1.617.2	8	2021	NSP3	1302	-0.000	Positive Charge to Polar	K to T	1	1.0
B.1.617.2	8	2021	NSP3	1658	-0.000	Polar to Positive Charge	Q to H	1	1.0
B.1.617.2	8	2021	NSP3	151	-0.000	Non Polar to Non Polar	L to I	2	1.0
B.1.617.2	8	2021	NSP3	1446	-0.000	Polar to Non Polar	T to A	1	1.0
B.1.617.2	8	2021	NSP3	1127	-0.000	Polar to Non Polar	T to I	1	1.0
B.1.617.2	8	2021	NSP3	301	-0.000	Non Polar to Polar	G to S	1	1.0
B.1.617.2	8	2021	NSP3	437	-0.000	Non Polar to Non Polar	L to I	1	1.0
B.1.617.2	8	2021	NSP3	579	-0.000	Non Polar to Non Polar	A to V	1	1.0
B.1.617.2	8	2021	NSP3	1346	-0.000	Non Polar to Non Polar	V to I	1	1.0
B.1.617.2	8	2021	NSP3	62	-0.000	Non Polar to Non Polar	I to V	1	1.0
B.1.617.2	8	2021	NSP3	1481	-0.000	Negative Charge to Positive Charge	D to H	1	1.0
B.1.617.2	8	2021	NSP14	14	-0.000	Non Polar to Non Polar	V to L	4	1.0
B.1.617.2	8	2021	NSP14	394	-0.000	Non Polar to Non Polar	A to V	65	1.0
B.1.617.2	8	2021	NSP14	203	-0.000	Non Polar to Non Polar	P to L	1	1.0
B.1.617.2	8	2021	NSP14	119	-0.000	Non Polar to Non Polar	A to V	1	1.0
B.1.617.2	8	2021	NSP14	188	-0.000	Positive Charge to Polar	H to Y	1	1.0
B.1.617.2	8	2021	NSP14	381	-0.000	Non Polar to Non Polar	V to L	1	1.0
B.1.617.2	8	2021	NSP14	369	-0.000	Polar to Non Polar	S to F	1	1.0
B.1.617.2	8	2021	NSP4	492	-0.000	Polar to Non Polar	T to I	64	1.0
B.1.617.2	8	2021	NSP4	167	-0.000	Non Polar to Non Polar	V to L	64	1.0
B.1.617.2	8	2021	NSP4	446	-0.000	Non Polar to Non Polar	A to V	1	1.0
B.1.617.2	8	2021	NSP4	48	-0.000	Non Polar to Non Polar	A to V	1	1.0
B.1.617.2	8	2021	N	377	-0.000	Negative Charge to Polar	D to Y	65	1.0
B.1.617.2	8	2021	N	215	-0.000	Non Polar to Non Polar	G to C	62	1.0
B.1.617.2	8	2021	N	203	-0.000	Positive Charge to Non Polar	R to M	58	1.0
B.1.617.2	8	2021	N	63	-0.000	Negative Charge to Non Polar	D to G	55	1.0
B.1.617.2	8	2021	N	385	-0.000	Positive Charge to Positive Charge	R to K	1	1.0
B.1.617.2	8	2021	N	125	-0.000	Non Polar to Non Polar	A to V	1	1.0
B.1.617.2	8	2021	N	359	-0.000	Non Polar to Polar	A to S	1	1.0
B.1.617.2	8	2021	N	193	-0.000	Polar to Non Polar	S to I	1	1.0
B.1.617.2	8	2021	N	97	-0.000	Non Polar to Non Polar	G to C	1	1.0
B.1.617.2	8	2021	N	208	-0.000	Non Polar to Non Polar	A to V	1	1.0
B.1.617.2	8	2021	N	151	-0.000	Non Polar to Non Polar	P to L	1	1.0
B.1.617.2	8	2021	N	348	-0.000	Negative Charge to Positive Charge	D to H	1	1.0
B.1.617.2	8	2021	M	82	-0.000	Non Polar to Polar	I to T	66	1.0
B.1.617.2	8	2021	NS7b	40	-0.000	Polar to Non Polar	T to I	63	1.0
B.1.617.2	8	2021	NS7b	14	-0.000	Non Polar to 	L to stop	1	1.0
B.1.617.2	8	2021	NS7b	15	-0.000	Non Polar to Non Polar	A to P	1	1.0
B.1.617.2	8	2021	NSP13	77	-0.000	Non Polar to Non Polar	P to L	65	1.0
B.1.617.2	8	2021	NSP13	474	-0.000	Non Polar to Non Polar	M to I	1	1.0
B.1.617.2	8	2021	NSP13	300	-0.000	Non Polar to Non Polar	P to L	2	1.0
B.1.617.2	8	2021	NSP13	419	-0.000	Non Polar to Polar	P to S	1	1.0
B.1.617.2	8	2021	NSP13	365	-0.000	Negative Charge to Negative Charge	E to D	1	1.0
B.1.617.2	8	2021	NSP13	195	-0.000	Non Polar to Polar	I to T	1	1.0
B.1.617.2	8	2021	NSP13	294	-0.000	Non Polar to Polar	G to S	1	1.0
B.1.617.2	8	2021	NSP13	580	-0.000	Negative Charge to Polar	D to Y	1	1.0
B.1.617.2	8	2021	NSP13	348	-0.000	Non Polar to Non Polar	V to L	1	1.0
B.1.617.2	8	2021	NSP13	256	-0.000	Non Polar to Non Polar	L to F	1	1.0
B.1.617.2	8	2021	NSP5	21	-0.000	Polar to Non Polar	T to I	2	1.0
B.1.617.2	8	2021	NSP5	121	-0.000	Polar to Non Polar	S to L	1	1.0
B.1.617.2	8	2021	NSP5	90	-0.000	Positive Charge to Positive Charge	K to R	1	1.0
B.1.617.2	8	2021	NSP6	77	-0.000	Polar to Non Polar	T to A	61	1.0
B.1.617.2	8	2021	NSP6	208	-0.000	Polar to Positive Charge	Q to R	20	1.0
B.1.617.2	8	2021	NSP6	197	-0.000	Non Polar to Non Polar	C to F	2	1.0
B.1.617.2	8	2021	NSP6	149	-0.000	Non Polar to Non Polar	V to A	1	1.0
B.1.617.2	8	2021	NSP6	37	-0.000	Non Polar to Non Polar	L to F	9	1.0
B.1.617.2	8	2021	NSP6	56	-0.000	Non Polar to Non Polar	A to V	1	1.0
B.1.617.2	8	2021	NS7a	120	-0.000	Polar to Non Polar	T to I	63	1.0
B.1.617.2	8	2021	NS7a	82	-0.000	Non Polar to Non Polar	V to A	58	1.0
B.1.617.2	8	2021	NS7a	14	-0.000	Polar to Non Polar	T to I	1	1.0
B.1.617.2	8	2021	NS7a	16	-0.000	Negative Charge to Negative Charge	E to D	3	1.0
B.1.617.2	8	2021	NS7a	116	-0.000	Non Polar to Non Polar	L to F	1	1.0
B.1.617.2	8	2021	NS7a	11	-0.000	Polar to Non Polar	T to I	2	1.0
B.1.617.2	8	2021	NS7a	61	-0.000	Polar to Non Polar	T to I	1	1.0
B.1.617.2	8	2021	NS7a	42	-0.000	Non Polar to Polar	G to S	1	1.0
B.1.617.2	8	2021	NSP1	30	-0.000	Non Polar to Polar	G to S	1	1.0
B.1.617.2	8	2021	NSP15	320	-0.000	Non Polar to Non Polar	V to L	5	1.0
B.1.617.2	8	2021	NSP15	35	-0.000	Non Polar to Non Polar	V to I	1	1.0
B.1.617.2	8	2021	NSP15	234	-0.000	Positive Charge to Polar	H to Y	1	1.0
B.1.617.2	8	2021	NSP15	262	-0.000	Non Polar to Polar	P to S	1	1.0
B.1.617.2	8	2021	NSP15	205	-0.000	Non Polar to Polar	P to S	1	1.0
B.1.617.2	8	2021	NSP15	56	-0.000	Negative Charge to Negative Charge	E to D	1	1.0
B.1.617.2	8	2021	E	68	-0.000	Polar to Non Polar	S to F	1	1.0
B.1.617.2	8	2021	NSP16	178	-0.000	Non Polar to Polar	A to S	1	1.0
B.1.617.2	8	2021	NSP9	76	-0.000	Non Polar to Non Polar	V to I	3	1.0
B.1.617.2	8	2021	NSP9	67	-0.000	Polar to Non Polar	T to I	2	1.0
B.1.617.2	5	2021	NSP1	122	-0.000	Non Polar to Non Polar	L to F	1	1.0
B.1.617.2	5	2021	NSP1	99	-0.000	Positive Charge to Positive Charge	R to K	1	1.0
B.1.617.2	5	2021	NSP1	95	-0.000	Non Polar to 	I to stop	1	1.0
B.1.617.2	5	2021	NSP1	112	-0.000	Non Polar to Non Polar	G to V	1	1.0
B.1.617.2	5	2021	NSP1	126	-0.000	Polar to 	N to del	1	1.0
B.1.617.2	5	2021	NSP1	75	-0.000	Negative Charge to 	D to del	1	1.0
B.1.617.2	5	2021	NSP1	119	-0.000	Positive Charge to Non Polar	R to A	1	1.0
B.1.617.2	5	2021	NSP1	84	-0.000	Non Polar to Non Polar	V to L	1	1.0
B.1.617.2	5	2021	NSP1	125	-0.000	Positive Charge to 	K to del	1	1.0
B.1.617.2	5	2021	NSP1	78	-0.000	Polar to 	T to del	1	1.0
B.1.617.2	5	2021	NSP1	128	-0.000	Polar to Polar	N to T	1	1.0
B.1.617.2	5	2021	NSP1	76	-0.000	Non Polar to 	A to del	1	1.0
B.1.617.2	5	2021	NSP1	109	-0.000	Non Polar to Positive Charge	P to R	1	1.0
B.1.617.2	5	2021	NSP1	104	-0.000	Non Polar to Non Polar	L to V	1	1.0
B.1.617.2	5	2021	NSP1	101	-0.000	Non Polar to Non Polar	G to F	1	1.0
B.1.617.2	5	2021	NSP1	114	-0.000	Non Polar to Non Polar	I to L	1	1.0
B.1.617.2	5	2021	NSP1	98	-0.000	Non Polar to Polar	G to S	1	1.0
B.1.617.2	5	2021	NSP1	90	-0.000	Non Polar to 	A to del	1	1.0
B.1.617.2	5	2021	NSP1	130	-0.000	Non Polar to Positive Charge	G to R	1	1.0
B.1.617.2	5	2021	NSP1	77	-0.000	Positive Charge to 	R to del	1	1.0
B.1.617.2	5	2021	NSP1	142	-0.000	Polar to 	S to del	1	1.0
B.1.617.2	5	2021	NSP1	127	-0.000	Non Polar to 	G to del	1	1.0
B.1.617.2	5	2021	NSP1	111	-0.000	Non Polar to Non Polar	V to L	1	1.0
B.1.617.2	5	2021	NSP1	117	-0.000	Non Polar to Non Polar	A to M	1	1.0
B.1.617.2	5	2021	NSP1	129	-0.000	Positive Charge to Non Polar	K to V	1	1.0
B.1.617.2	5	2021	NSP1	93	-0.000	Negative Charge to Polar	E to S	1	1.0
B.1.617.2	5	2021	NSP1	115	-0.000	Non Polar to Polar	P to S	1	1.0
B.1.617.2	5	2021	NSP1	102	-0.000	Negative Charge to Polar	E to S	1	1.0
B.1.617.2	5	2021	NSP1	89	-0.000	Non Polar to 	V to del	1	1.0
B.1.617.2	5	2021	NSP1	81	-0.000	Positive Charge to Negative Charge	H to E	1	1.0
B.1.617.2	5	2021	NSP1	105	-0.000	Non Polar to 	G to del	1	1.0
B.1.617.2	5	2021	NSP1	113	-0.000	Negative Charge to Polar	E to S	1	1.0
B.1.617.2	5	2021	NSP1	74	-0.000	Polar to 	S to del	1	1.0
B.1.617.2	5	2021	NSP1	121	-0.000	Non Polar to Non Polar	V to F	1	1.0
B.1.617.2	5	2021	NSP1	87	-0.000	Negative Charge to Non Polar	E to M	1	1.0
B.1.617.2	5	2021	NSP1	79	-0.000	Non Polar to Non Polar	A to M	1	1.0
B.1.617.2	5	2021	NSP1	91	-0.000	Negative Charge to Non Polar	E to W	1	1.0
B.1.617.2	5	2021	NSP1	116	-0.000	Non Polar to Non Polar	V to L	1	1.0
B.1.617.2	5	2021	NSP1	143	-0.000	Non Polar to 	F to del	1	1.0
B.1.617.2	5	2021	NSP1	82	-0.000	Non Polar to Non Polar	G to L	1	1.0
B.1.617.2	5	2021	NSP1	118	-0.000	Polar to Non Polar	Y to W	1	1.0
B.1.617.2	5	2021	NSP1	141	-0.000	Positive Charge to 	K to del	1	1.0
B.1.617.2	5	2021	NSP1	94	-0.000	Non Polar to Non Polar	G to W	1	1.0
B.1.617.2	5	2021	NSP1	100	-0.000	Polar to Non Polar	S to A	1	1.0
B.1.617.2	5	2021	NSP1	107	-0.000	Non Polar to Non Polar	L to V	1	1.0
B.1.617.2	5	2021	NSP1	123	-0.000	Non Polar to Non Polar	L to V	1	1.0
B.1.617.2	5	2021	NSP1	80	-0.000	Non Polar to Non Polar	P to L	1	1.0
B.1.617.2	5	2021	NSP1	97	-0.000	Polar to Polar	Y to N	1	1.0
B.1.617.2	5	2021	Spike	484	-0.000	Negative Charge to Positive Charge	E to K	1	1.0
B.1.617.2	5	2021	Spike	1241	-0.000	Non Polar to Polar	C to S	1	1.0
B.1.617.2	5	2021	Spike	19	-0.000	Polar to Positive Charge	T to R	2	1.0
B.1.617.2	5	2021	Spike	1237	-0.000	Non Polar to Positive Charge	M to K	1	1.0
B.1.617.2	5	2021	Spike	348	-0.000	Non Polar to Polar	A to S	1	1.0
B.1.617.2	5	2021	Spike	614	-0.000	Negative Charge to Non Polar	D to G	2	1.0
B.1.617.2	5	2021	Spike	950	-0.000	Negative Charge to Polar	D to N	1	1.0
B.1.617.2	5	2021	Spike	1031	-0.000	Negative Charge to Positive Charge	E to K	1	1.0
B.1.617.2	5	2021	Spike	681	-0.000	Non Polar to Positive Charge	P to R	2	1.0
B.1.617.2	5	2021	Spike	144	-0.000	Polar to 	Y to del	1	1.0
B.1.617.2	5	2021	Spike	1208	-0.000	Polar to Positive Charge	Q to K	1	1.0
B.1.617.2	5	2021	Spike	452	-0.000	Non Polar to Positive Charge	L to R	2	1.0
B.1.617.2	5	2021	Spike	1178	-0.000	Polar to Negative Charge	N to D	1	1.0
B.1.617.2	5	2021	Spike	1176	-0.000	Non Polar to 	V to del	1	1.0
B.1.617.2	5	2021	Spike	77	-0.000	Positive Charge to Polar	K to T	1	1.0
B.1.617.2	5	2021	Spike	158	-0.000	Positive Charge to 	R to del	1	1.0
B.1.617.2	5	2021	Spike	157	-0.000	Non Polar to 	F to del	1	1.0
B.1.617.2	5	2021	Spike	586	-0.000	Negative Charge to Negative Charge	D to E	1	1.0
B.1.617.2	5	2021	Spike	156	-0.000	Negative Charge to Non Polar	E to G	1	1.0
B.1.617.2	5	2021	Spike	478	-0.000	Polar to Positive Charge	T to K	1	1.0
B.1.617.2	5	2021	NSP3	1852	-0.000	Non Polar to 	C to stop	1	1.0
B.1.617.2	5	2021	NSP3	1105	-0.000	Non Polar to Negative Charge	A to E	1	1.0
B.1.617.2	5	2021	NSP3	1635	-0.000	Non Polar to Negative Charge	V to D	1	1.0
B.1.617.2	5	2021	NSP3	581	-0.000	Non Polar to Negative Charge	V to D	1	1.0
B.1.617.2	5	2021	NSP3	363	-0.000	Polar to Non Polar	N to I	1	1.0
B.1.617.2	5	2021	NSP3	1641	-0.000	Non Polar to Polar	C to S	1	1.0
B.1.617.2	5	2021	NSP3	822	-0.000	Non Polar to Non Polar	P to L	2	1.0
B.1.617.2	5	2021	NSP3	460	-0.000	Non Polar to Non Polar	F to C	1	1.0
B.1.617.2	5	2021	NSP6	91	-0.000	Non Polar to Non Polar	V to M	1	1.0
B.1.617.2	5	2021	NSP6	181	-0.000	Polar to Non Polar	T to I	1	1.0
B.1.617.2	5	2021	NSP6	11	-0.000	Positive Charge to Polar	H to Q	2	1.0
B.1.617.2	5	2021	NSP6	46	-0.000	Non Polar to Non Polar	A to V	1	1.0
B.1.617.2	5	2021	NSP2	253	-0.000	Non Polar to Non Polar	C to F	1	1.0
B.1.617.2	5	2021	NSP2	411	-0.000	Non Polar to Negative Charge	A to D	1	1.0
B.1.617.2	5	2021	NS8	51	-0.000	Non Polar to Polar	A to S	1	1.0
B.1.617.2	5	2021	NS8	40	-0.000	Positive Charge to Polar	H to Q	1	1.0
B.1.617.2	5	2021	NS8	106	-0.000	Negative Charge to 	E to stop	1	1.0
B.1.617.2	5	2021	NS8	121	-0.000	Non Polar to Non Polar	I to L	1	1.0
B.1.617.2	5	2021	NS8	120	-0.000	Non Polar to Non Polar	F to V	1	1.0
B.1.617.2	5	2021	NSP5	233	-0.000	Non Polar to Negative Charge	V to E	1	1.0
B.1.617.2	5	2021	NSP12	663	-0.000	Non Polar to Non Polar	L to M	1	1.0
B.1.617.2	5	2021	NSP12	201	-0.000	Non Polar to Non Polar	I to L	1	1.0
B.1.617.2	5	2021	NSP12	323	-0.000	Non Polar to Non Polar	P to L	2	1.0
B.1.617.2	5	2021	NSP12	347	-0.000	Positive Charge to Non Polar	H to L	1	1.0
B.1.617.2	5	2021	NS3	26	-0.000	Polar to Non Polar	S to L	2	1.0
B.1.617.2	5	2021	NS3	71	-0.000	Non Polar to Polar	L to Q	1	1.0
B.1.617.2	5	2021	M	182	-0.000	Non Polar to Negative Charge	G to E	1	1.0
B.1.617.2	5	2021	M	82	-0.000	Non Polar to Polar	I to T	2	1.0
B.1.617.2	5	2021	M	191	-0.000	Polar to Non Polar	S to L	1	1.0
B.1.617.2	5	2021	M	48	-0.000	Non Polar to Non Polar	I to L	1	1.0
B.1.617.2	5	2021	N	377	-0.000	Negative Charge to Polar	D to Y	2	1.0
B.1.617.2	5	2021	N	203	-0.000	Positive Charge to Non Polar	R to M	2	1.0
B.1.617.2	5	2021	N	63	-0.000	Negative Charge to Non Polar	D to G	2	1.0
B.1.617.2	5	2021	N	302	-0.000	Non Polar to 	P to del	1	1.0
B.1.617.2	5	2021	NSP15	206	-0.000	Positive Charge to Non Polar	R to M	1	1.0
B.1.617.2	5	2021	NSP15	259	-0.000	Positive Charge to Positive Charge	K to R	1	1.0
B.1.617.2	5	2021	NSP16	154	-0.000	Non Polar to Polar	C to S	1	1.0
B.1.617.2	5	2021	NSP16	149	-0.000	Non Polar to Non Polar	F to I	1	1.0
B.1.617.2	5	2021	NSP14	216	-0.000	Non Polar to Non Polar	C to F	1	1.0
B.1.617.2	5	2021	NSP13	97	-0.000	Non Polar to 	C to stop	1	1.0
B.1.617.2	5	2021	NSP13	211	-0.000	Polar to Non Polar	Y to F	1	1.0
B.1.617.2	5	2021	NSP13	77	-0.000	Non Polar to Non Polar	P to L	1	1.0
B.1.617.2	5	2021	NSP13	484	-0.000	Non Polar to Negative Charge	V to D	1	1.0
B.1.617.2	5	2021	NSP13	312	-0.000	Non Polar to Polar	A to T	1	1.0
B.1.617.2	5	2021	NS7a	120	-0.000	Polar to Non Polar	T to I	2	1.0
B.1.617.2	5	2021	NSP4	446	-0.000	Non Polar to Non Polar	A to V	1	1.0
B.1.617.2	5	2021	NSP4	217	-0.000	Negative Charge to Polar	D to N	1	1.0
B.1.617.2	5	2021	NSP10	34	-0.000	Non Polar to Negative Charge	G to E	1	1.0
B.1.617.2	5	2021	NSP8	66	-0.000	Non Polar to Polar	A to T	1	1.0
B.1.617.2	9	2021	N	215	-0.000	Non Polar to Non Polar	G to C	4	1.0
B.1.617.2	9	2021	N	63	-0.000	Negative Charge to Non Polar	D to G	5	1.0
B.1.617.2	9	2021	N	203	-0.000	Positive Charge to Non Polar	R to M	5	1.0
B.1.617.2	9	2021	N	377	-0.000	Negative Charge to Polar	D to Y	5	1.0
B.1.617.2	9	2021	N	205	-0.000	Polar to Non Polar	T to I	1	1.0
B.1.617.2	9	2021	N	385	-0.000	Positive Charge to Positive Charge	R to K	1	1.0
B.1.617.2	9	2021	N	13	-0.000	Non Polar to Polar	P to S	1	1.0
B.1.617.2	9	2021	NSP12	671	-0.000	Non Polar to Polar	G to S	6	1.0
B.1.617.2	9	2021	NSP12	323	-0.000	Non Polar to Non Polar	P to L	6	1.0
B.1.617.2	9	2021	NSP12	730	-0.000	Non Polar to Positive Charge	C to R	1	1.0
B.1.617.2	9	2021	NSP12	466	-0.000	Non Polar to Non Polar	I to V	1	1.0
B.1.617.2	9	2021	NSP13	274	-0.000	Non Polar to Non Polar	M to V	2	1.0
B.1.617.2	9	2021	NSP13	77	-0.000	Non Polar to Non Polar	P to L	6	1.0
B.1.617.2	9	2021	NSP13	365	-0.000	Negative Charge to Negative Charge	E to D	1	1.0
B.1.617.2	9	2021	NS3	26	-0.000	Polar to Non Polar	S to L	6	1.0
B.1.617.2	9	2021	Spike	158	-0.000	Positive Charge to 	R to del	4	1.0
B.1.617.2	9	2021	Spike	490	-0.000	Non Polar to Non Polar	F to L	2	1.0
B.1.617.2	9	2021	Spike	157	-0.000	Non Polar to 	F to del	4	1.0
B.1.617.2	9	2021	Spike	19	-0.000	Polar to Positive Charge	T to R	5	1.0
B.1.617.2	9	2021	Spike	156	-0.000	Negative Charge to Non Polar	E to G	4	1.0
B.1.617.2	9	2021	Spike	623	-0.000	Non Polar to Polar	A to S	2	1.0
B.1.617.2	9	2021	Spike	478	-0.000	Polar to Positive Charge	T to K	5	1.0
B.1.617.2	9	2021	Spike	614	-0.000	Negative Charge to Non Polar	D to G	6	1.0
B.1.617.2	9	2021	Spike	452	-0.000	Non Polar to Positive Charge	L to R	5	1.0
B.1.617.2	9	2021	Spike	1104	-0.000	Non Polar to Non Polar	V to L	1	1.0
B.1.617.2	9	2021	Spike	95	-0.000	Polar to Non Polar	T to I	1	1.0
B.1.617.2	9	2021	Spike	681	-0.000	Non Polar to Positive Charge	P to R	4	1.0
B.1.617.2	9	2021	Spike	69	-0.000	Positive Charge to 	H to del	1	1.0
B.1.617.2	9	2021	Spike	67	-0.000	Non Polar to Non Polar	A to V	1	1.0
B.1.617.2	9	2021	Spike	144	-0.000	Polar to 	Y to del	1	1.0
B.1.617.2	9	2021	Spike	780	-0.000	Negative Charge to Polar	E to Q	1	1.0
B.1.617.2	9	2021	Spike	950	-0.000	Negative Charge to Polar	D to N	1	1.0
B.1.617.2	9	2021	Spike	70	-0.000	Non Polar to 	V to del	1	1.0
B.1.617.2	9	2021	NSP3	1228	-0.000	Non Polar to Non Polar	P to L	5	1.0
B.1.617.2	9	2021	NSP3	488	-0.000	Non Polar to Polar	A to S	5	1.0
B.1.617.2	9	2021	NSP3	1766	-0.000	Non Polar to Non Polar	A to V	2	1.0
B.1.617.2	9	2021	NSP3	1658	-0.000	Polar to Positive Charge	Q to H	1	1.0
B.1.617.2	9	2021	NSP3	822	-0.000	Non Polar to Non Polar	P to L	1	1.0
B.1.617.2	9	2021	NSP3	70	-0.000	Negative Charge to Negative Charge	E to D	1	1.0
B.1.617.2	9	2021	NSP3	1469	-0.000	Non Polar to Polar	P to S	1	1.0
B.1.617.2	9	2021	NSP3	273	-0.000	Non Polar to Non Polar	I to V	1	1.0
B.1.617.2	9	2021	NS7a	82	-0.000	Non Polar to Non Polar	V to A	5	1.0
B.1.617.2	9	2021	NS7a	120	-0.000	Polar to Non Polar	T to I	4	1.0
B.1.617.2	9	2021	NS7a	116	-0.000	Non Polar to Non Polar	L to F	1	1.0
B.1.617.2	9	2021	NSP4	492	-0.000	Polar to Non Polar	T to I	5	1.0
B.1.617.2	9	2021	NSP4	167	-0.000	Non Polar to Non Polar	V to L	4	1.0
B.1.617.2	9	2021	NSP4	446	-0.000	Non Polar to Non Polar	A to V	1	1.0
B.1.617.2	9	2021	NSP14	394	-0.000	Non Polar to Non Polar	A to V	5	1.0
B.1.617.2	9	2021	NSP14	119	-0.000	Non Polar to Non Polar	A to V	1	1.0
B.1.617.2	9	2021	M	82	-0.000	Non Polar to Polar	I to T	6	1.0
B.1.617.2	9	2021	NSP6	77	-0.000	Polar to Non Polar	T to A	5	1.0
B.1.617.2	9	2021	NSP6	208	-0.000	Polar to Positive Charge	Q to R	1	1.0
B.1.617.2	9	2021	NSP6	149	-0.000	Non Polar to Non Polar	V to A	1	1.0
B.1.617.2	9	2021	NSP6	197	-0.000	Non Polar to Non Polar	C to F	1	1.0
B.1.617.2	9	2021	NS7b	40	-0.000	Polar to Non Polar	T to I	2	1.0
B.1.617.2	9	2021	NSP2	129	-0.000	Non Polar to Non Polar	P to L	1	1.0
B.1.617.2	9	2021	NSP2	39	-0.000	Non Polar to Polar	L to Q	1	1.0
B.1.617.2	9	2021	NSP15	35	-0.000	Non Polar to Non Polar	V to I	1	1.0
B.1.617.2	9	2021	NSP15	234	-0.000	Positive Charge to Polar	H to Y	1	1.0
